Entity,Year,Annual working hours per worker,"GDP per capita (output, multiple price benchmarks)",Population (historical estimates),Days of vacation and holidays for full-time production workers in non-agricultural activities (Huberman & Minns 2007),Productivity: output per hour worked
Canada,1950,2209.234041,12878.90219,13743068,22,13.10943178
Canada,1951,2194.183546,13025.04615,14085723,22,13.3106115
Canada,1952,2181.939348,13720.40223,14485746,22,14.43308134
Canada,1953,2180.528393,13979.35187,14901533,22,15.03208252
Canada,1954,2172.603665,13520.33396,15323199,22,15.14522159
Canada,1955,2154.656566,14329.3598,15733926,22,16.41963909
Canada,1956,2142.278954,15133.29725,16167046,22,17.13559089
Canada,1957,2122.981755,15001.76851,16650052,22,17.51196159
Canada,1958,2107.615125,14962.04569,17113392,22,18.60962575
Canada,1959,2104.4344,15198.11458,17524910,22,19.06228152
Canada,1960,2090.805868,15393.97319,17909358,22,19.93759768
Canada,1961,2066.495353,15714.85669,18273690,22,20.95527015
Canada,1962,2065.044999,16413.34419,18622354,22,21.77084599
Canada,1963,2050.357569,16961.06262,18971014,22,22.58929629
Canada,1964,2039.108423,17812.47382,19326326,22,23.49605342
Canada,1965,2021.214549,18586.8737,19688808,22,24.15669536
Canada,1966,1995.114257,19461.90639,20055242,22,25.24201505
Canada,1967,1985.598111,19671.78209,20408046,22,25.6363518
Canada,1968,1961.477696,20403.55014,20731928,22,27.30634298
Canada,1969,1942.468383,21165.02848,21033938,22,28.13059775
Canada,1970,1925,21467.53364,21434580,22,29.2265663
Canada,1971,1912,22227.66453,21888686,22,30.32986111
Canada,1972,1904,23118.66063,22222228,22,31.02553162
Canada,1973,1898,24446.47851,22502026,22,31.7498118
Canada,1974,1891,24739.56244,22812430,22,31.1209649
Canada,1975,1872,24733.97081,23136250,22,31.55685542
Canada,1976,1862,25852.26463,23442118,22,33.14058347
Canada,1977,1834,26430.59348,23715310,22,34.07002624
Canada,1978,1836,27164.60966,23962686,22,34.35181679
Canada,1979,1841,27967.4411,24219116,22,34.10858099
Canada,1980,1827,28173.57883,24511512,25,33.98027789
Canada,1981,1812,28833.94467,24815780,25,34.4870158
Canada,1982,1788.362954,27830.64761,25101514,25,35.29970015
Canada,1983,1780.215809,28486.62716,25360732,25,36.36311737
Canada,1984,1791.11595,30159.09554,25602080,25,37.68377544
Canada,1985,1794.90562,30560.16921,25843920,25,37.16099555
Canada,1986,1798.518926,30737.06157,26116076,25,36.62127897
Canada,1987,1807.027402,32477.46094,26436886,25,37.87336437
Canada,1988,1807.814587,33621.16634,26815068,25,38.41117527
Canada,1989,1802.820481,34377.14753,27244408,25,39.15351313
Canada,1990,1795.29276,34183.8884,27657206,25,39.45839298
Canada,1991,1774.18933,32881.07309,28015762,25,39.58082343
Canada,1992,1772.386979,32806.84504,28347642,25,40.40323081
Canada,1993,1771.122321,33201.17112,28668168,25,41.05645295
Canada,1994,1784.990535,34410.92316,28981190,25,41.86075776
Canada,1995,1785.016344,35738.74272,29289430,25,43.24448405
Canada,1996,1798.80713,36273.51698,29593856,25,43.56251984
Canada,1997,1796.677861,37363.71468,29882752,25,44.49898309
Canada,1998,1792.643002,37557.99108,30144816,25,44.22189502
Canada,1999,1791.860119,39872.33403,30399776,25,46.13533745
Canada,2000,1786.186367,41998.5383,30683316,24,48.09970087
Canada,2001,1773.040815,41247.48183,31002768,24,47.65456893
Canada,2002,1754.363462,41119.55339,31322400,24,47.36865595
Canada,2003,1743.803145,42749.91101,31619456,24,48.94758327
Canada,2004,1753.799959,44200.81455,31911670,24,49.97146861
Canada,2005,1744.018222,47073.37642,32215914,24,53.21646745
Canada,2006,1743.54075,46799.20501,32531864,24,52.62927456
Canada,2007,1742.925627,47230.99373,32862458,24,52.54481058
Canada,2008,1740.30598,48610.47744,33218542,24,53.95625951
Canada,2009,1710.836026,43182.2026,33593920,24,50.18718436
Canada,2010,1714.208445,45646.46617,33963416,24,52.57420089
Canada,2011,1712.651282,47756.7252,34323536,24,54.73824594
Canada,2012,1720.630667,47564.65689,34691876,24,54.25372625
Canada,2013,1714.935408,48815.65122,35063696,24,55.69766221
Canada,2014,1709.601479,49926.11737,35404616,24,57.38790667
Canada,2015,1710.780106,46945.50505,35732120,24,53.85795124
Canada,2016,1705.192385,47032.88992,36113532,24,54.12407638
Canada,2017,1693.784661,48902.64223,36554344,24,56.25571848
Canada,2018,1707.05926,49458.0354,37035260,24,56.63479255
Canada,2019,1689.280933,49884.05898,37522584,24,57.24434132
Australia,1950,2170.923406,13660.78315,8177169,22,15.32685286
Australia,1951,2150.846928,12852.69021,8419836,22,14.58322341
Australia,1952,2130.956115,12414.00208,8632790,22,14.24475506
Australia,1953,2111.249251,13721.20278,8819163,22,15.92284757
Australia,1954,2091.724634,14403.23802,9003364,22,16.90346558
Australia,1955,2072.380578,14775.68004,9209844,22,17.5368586
Australia,1956,2053.215414,14648.06203,9429808,22,17.58226722
Australia,1957,2034.227488,14427.61765,9644190,22,17.63838949
Australia,1958,2015.41516,15258.6238,9853146,22,19.05245142
Australia,1959,1996.776806,15906.89975,10065683,22,20.235953
Australia,1960,1978.310818,15799.37451,10286648,22,20.12239967
Australia,1961,1974.661182,15902.03934,10505940,22,20.69601061
Australia,1962,1971.018279,16466.98254,10711943,22,21.35586666
Australia,1963,1967.382096,17306.35963,10917377,22,22.27925164
Australia,1964,1963.752621,17813.99419,11131608,22,22.61652552
Australia,1965,1960.129843,17704.10754,11359442,22,22.287221
Australia,1966,1956.513747,18576.49714,11592675,22,23.03986467
Australia,1967,1952.904323,19066.34266,11809114,22,23.40054592
Australia,1968,1949.301557,20122.67511,12027268,22,24.61962303
Australia,1969,1945.705438,21175.3742,12268351,22,25.82899034
Australia,1970,1942.115953,21518.92536,12595038,22,25.91057668
Australia,1971,1923.479433,21941.41702,12993837,22,26.63028522
Australia,1972,1903.148684,22277.4655,13300319,22,27.42850021
Australia,1973,1889.80663,22948.75642,13513318,22,28.12806977
Australia,1974,1907.066589,21840.59314,13713392,22,26.41764893
Australia,1975,1893.830425,22008.21166,13886865,22,27.25024893
Australia,1976,1904.207578,22727.47659,14038078,22,27.90607619
Australia,1977,1906.007696,22889.63953,14193365,22,28.14100128
Australia,1978,1906.85481,23694.22625,14355814,22,29.35387879
Australia,1979,1912.255166,24184.78544,14520529,22,29.82520686
Australia,1980,1909.762827,24692.65189,14706329,22,30.04750306
Australia,1981,1894.809448,25480.33233,14930055,22,31.26263776
Australia,1982,1870.658317,24547.38085,15168446,22,31.00233081
Australia,1983,1857.01413,25622.75698,15383079,22,33.59127268
Australia,1984,1878.158461,26227.94624,15579478,22,33.34892576
Australia,1985,1869.260236,26544.84858,15785685,22,33.28966232
Australia,1986,1873.874479,26864.2475,16012299,22,32.70696979
Australia,1987,1871.633417,28604.32287,16259251,22,34.63339336
Australia,1988,1867.853552,29805.86476,16525901,22,35.41925448
Australia,1989,1877.780871,30357.97588,16796586,22,34.99274358
Australia,1990,1863.959761,29933.85013,17048002,22,34.71742081
Australia,1991,1850.484985,29537.35884,17271092,22,35.753604
Australia,1992,1846.54406,30333.72255,17462500,22,37.43999257
Australia,1993,1863.784511,31075.06204,17631514,22,38.27992636
Australia,1994,1869.948752,32160.30873,17805506,22,38.63740898
Australia,1995,1870.329578,33466.83563,18003002,22,39.18943848
Australia,1996,1863.822992,34960.19592,18211850,22,41.00175842
Australia,1997,1861.098508,36290.95536,18410254,22,42.77220032
Australia,1998,1846.629559,37137.20787,18601666,22,43.82873136
Australia,1999,1848.475003,38633.93864,18800892,22,45.23416217
Australia,2000,1847.480068,39331.89658,19017968,22,45.41545426
Australia,2001,1814.128932,40172.16666,19248146,22,47.16523877
Australia,2002,1808.12111,40712.24514,19475842,22,47.55952869
Australia,2003,1801.574336,41971.69131,19699004,22,48.64719625
Australia,2004,1799.364187,42933.58311,19925060,22,49.61219523
Australia,2005,1797.073602,45488.26067,20171732,22,51.53295352
Australia,2006,1786.906293,45679.0916,20467032,22,51.62211348
Australia,2007,1786.251995,46090.76878,20830832,22,51.45444081
Australia,2008,1786.47658,47621.63396,21247876,22,52.85943833
Australia,2009,1757.960395,46605.59316,21660898,22,53.12928474
Australia,2010,1763.322787,50222.51733,22019166,22,56.73853266
Australia,2011,1765.289547,52136.22317,22357032,22,58.76906834
Australia,2012,1757.21845,51097.92644,22729272,22,58.17203555
Australia,2013,1756.28963,52768.60206,23111788,22,60.47338084
Australia,2014,1746.496239,51919.35545,23469578,22,60.12287329
Australia,2015,1746.483472,48712.19169,23820240,22,56.05372603
Australia,2016,1736.081064,51497.21103,24195706,22,59.61971068
Australia,2017,1736.800304,52536.18929,24590336,22,60.3416786
Australia,2018,1729.342063,54236.76625,24979228,22,61.87853304
Australia,2019,1726.797659,54147.00746,25357168,22,61.43848534
France,1950,2350.959619,7635.002307,41842356,28,7.066990544
France,1951,2360.515783,7985.860536,42196660,28,7.370834549
France,1952,2338.82752,8147.097371,42542396,28,7.615431496
France,1953,2313.312211,8410.849317,42883300,28,8.036036926
France,1954,2316.427557,8818.092143,43225644,28,8.459861134
France,1955,2292.047703,9215.029533,43593852,28,8.94558458
France,1956,2236.061323,9586.429733,43959224,28,9.514150696
France,1957,2199.605168,10009.01225,44338088,28,10.1325735
France,1958,2179.393316,10204.25241,44754360,28,10.56747998
France,1959,2179.248372,10382.34992,45201848,28,10.92336767
France,1960,2188.47715,11134.62405,45659572,28,11.76063096
France,1961,2165.189576,11547.5188,46143028,28,12.47683664
France,1962,2177.768891,12086.58553,46635188,28,13.25914068
France,1963,2159.342325,12666.50924,47121244,28,14.11561592
France,1964,2166.152525,13353.8731,47641948,28,14.84632739
France,1965,2153.15843,13855.95123,48168800,28,15.58928851
France,1966,2144.572022,14475.21787,48683088,28,16.3737898
France,1967,2110.471647,15079.87259,49181404,28,17.42117635
France,1968,2086.602239,15609.67024,49647272,28,18.42480796
France,1969,2011.949698,16579.01552,50087056,28,20.16483083
France,1970,1992.507975,17435.07868,50523588,28,21.31258462
France,1971,1989.731696,18326.45896,50970696,28,22.54976964
France,1972,1936.627698,19144.79397,51410364,28,24.26745064
France,1973,1920.426943,20371.34066,51814076,28,25.8967882
France,1974,1888.467773,21193.42555,52163552,28,27.32974167
France,1975,1862.60459,20989.44835,52450032,28,27.79355857
France,1976,1888.886164,21905.21981,52685272,28,28.47385912
France,1977,1850.328211,22719.13822,52925440,28,30.00255396
France,1978,1819.027159,23682.80148,53175308,28,31.7545919
France,1979,1815.541441,24584.34727,53428780,28,32.9460156
France,1980,1806.133784,24980.37264,53713836,30,33.66539973
France,1981,1785.587187,24369.19379,54016748,30,33.4278024
France,1982,1714.378401,24201.26432,54319652,30,34.67189407
France,1983,1696.302622,23726.70565,54592384,30,34.53540834
France,1984,1689.65016,23348.61547,54845984,30,34.48888521
France,1985,1654.322053,22841.90176,55108104,30,34.68584278
France,1986,1648.351684,23972.67141,55371640,30,36.5081859
France,1987,1659.385665,24539.06243,55641536,30,36.96783234
France,1988,1667.407559,25643.52747,55911476,30,38.25111788
France,1989,1651.266781,26444.7492,56169948,30,39.53856533
France,1990,1644.850669,27149.92404,56412896,36,40.62803204
France,1991,1637.781728,27119.65482,56645216,36,40.90686319
France,1992,1635.152483,27494.25696,56864048,36,42.0062304
France,1993,1626.685885,27321.75833,57053728,36,42.57790974
France,1994,1623.233565,27763.33621,57230064,36,43.29832248
France,1995,1601.211588,28275.71611,57420356,36,44.41771073
France,1996,1597.281509,28793.59,57623180,36,45.2430308
France,1997,1595.645328,30322.69209,57839364,36,47.49207427
France,1998,1585.289681,31888.02418,58080344,36,49.58452965
France,1999,1578.30451,33225.11238,58352208,36,50.93183524
France,2000,1558.338802,34968.9977,58665456,36,53.30746108
France,2001,1537.956604,35672.85732,59014776,36,54.71324699
France,2002,1503.886735,35605.21122,59372784,36,55.97444454
France,2003,1507.256771,34481.52074,59728260,36,54.45297945
France,2004,1530.856012,34925.93751,60108436,36,54.62670943
France,2005,1532.075909,37604.82085,60510080,36,58.80542402
France,2006,1515.0112,38307.06738,60919152,36,60.34197169
France,2007,1536.815501,39857.40853,61329380,36,61.38440956
France,2008,1542.796085,39980.65434,61721004,36,61.36290478
France,2009,1531.451173,38507.37248,62093300,36,60.5334969
France,2010,1539.803062,39900.05589,62444572,36,62.62344765
France,2011,1546.331189,40818.42366,62775272,36,63.61984812
France,2012,1540.880619,41133.77526,63071412,36,64.42605479
France,2013,1526.242001,40529.36047,63335180,36,64.40490057
France,2014,1518.111034,40418.52108,63588496,36,64.65074984
France,2015,1519.484356,40998.42086,63809768,36,65.61560479
France,2016,1522.069358,41386.22228,63989320,36,65.87519178
France,2017,1505.367862,42818.75953,64144092,36,68.37434064
France,2018,1495.457921,43192.38564,64277812,36,68.86070681
France,2019,1504.912353,43755.06589,64399760,36,68.63126022
Germany,1950,2428.279448,5227.417345,70964096,29,4.795388712
Germany,1951,2402.437049,5756.697714,70820040,29,5.265030052
Germany,1952,2376.869672,6252.175528,70808376,29,5.704417298
Germany,1953,2351.57439,6751.14031,70879448,29,6.106850049
Germany,1954,2326.548306,7292.322554,71020736,29,6.508941114
Germany,1955,2301.788558,8258.346769,71222632,29,7.258235262
Germany,1956,2277.292308,8843.36552,71473272,29,7.74651211
Germany,1957,2253.056755,9287.009351,71771632,29,8.12303902
Germany,1958,2229.079123,9531.396339,72136480,29,8.419738848
Germany,1959,2205.356667,10264.62406,72578952,29,9.139399667
Germany,1960,2181.886672,11158.83328,73063696,29,9.99691742
Germany,1961,2155.259848,11515.06129,73604344,29,10.42533786
Germany,1962,2118.143669,11832.68913,74194424,29,10.96733933
Germany,1963,2087.684196,11997.43408,74796216,29,11.36718507
Germany,1964,2099.182143,12782.99446,75423248,29,12.13201635
Germany,1965,2084.960998,13321.43502,76037464,29,12.78348276
Germany,1966,2058.636752,13593.17859,76618720,29,13.33751579
Germany,1967,2020.915418,13405.28406,77173552,29,13.75114156
Germany,1968,2008.40888,14106.71382,77646128,29,14.59363562
Germany,1969,1988.64048,15100.14429,78012488,29,15.69211483
Germany,1970,1973.209025,15778.72369,78294592,29,16.49395463
Germany,1971,1941.236665,16231.72503,78511408,29,17.30641672
Germany,1972,1916.122729,16986.17546,78643560,29,18.36886416
Germany,1973,1885.562397,17924.97617,78667472,29,19.57574628
Germany,1974,1852.278867,18223.40188,78620536,29,20.41112698
Germany,1975,1812.540349,18229.61524,78513512,29,21.18582041
Germany,1976,1824.946029,19238.13037,78364216,29,22.13440041
Germany,1977,1806.88719,19982.12755,78221280,29,23.12465619
Germany,1978,1787.825081,20701.8902,78071552,29,23.99276311
Germany,1979,1775.785855,21694.71515,77915728,29,24.95683591
Germany,1980,1756.723747,22038.2177,77786696,29,25.37314271
Germany,1981,1734.651833,21626.011,77684488,29,25.21359478
Germany,1982,1723.615875,21183.644,77610424,29,24.99967696
Germany,1983,1710.57338,21225.65069,77566064,29,25.37488614
Germany,1984,1699.537423,21446.94457,77568576,29,25.64476832
Germany,1985,1676.46224,21471.28978,77638808,29,25.79623029
Germany,1986,1657.400132,23138.27467,77803352,29,27.84001293
Germany,1987,1634.324948,24096.1355,78090896,29,29.22692265
Germany,1988,1629.308604,25283.97335,78477528,29,30.68801174
Germany,1989,1606.233421,26246.83826,78916440,29,32.26973874
Germany,1990,1583.158237,28100.42123,79370192,35,35.48058009
Germany,1991,1554.063441,29495.42862,79801984,35,39.04251544
Germany,1992,1565.093848,30374.36277,80205032,35,40.76316521
Germany,1993,1540.184349,30521.49786,80573496,35,42.44756687
Germany,1994,1536.576995,31559.74649,80882120,35,44.12875966
Germany,1995,1530.571474,32570.66092,81123264,35,45.65907855
Germany,1996,1516.751189,32941.70009,81300864,35,46.71666082
Germany,1997,1507.67613,33996.98973,81436096,35,48.59616606
Germany,1998,1504.559034,35165.74941,81524384,35,49.78312463
Germany,1999,1491.513292,36591.91143,81556968,35,51.45359275
Germany,2000,1465.937805,37290.40368,81551680,42.5,52.28550448
Germany,2001,1458.165032,37771.26162,81514568,42.5,53.48152313
Germany,2002,1448.923511,37600.02959,81443424,42.5,53.92992727
Germany,2003,1443.408008,38480.51655,81346808,42.5,56.04049472
Germany,2004,1442.584218,39573.62874,81266672,42.5,57.46974033
Germany,2005,1432.423495,41565.5952,81212168,42.5,60.83500615
Germany,2006,1453.188534,42595.0311,81177816,42.5,60.94131359
Germany,2007,1454.087207,45097.15011,81183832,42.5,63.31256465
Germany,2008,1447.328469,46266.52634,81217488,42.5,64.23089624
Germany,2009,1405.055864,43240.04557,81260624,42.5,61.58084475
Germany,2010,1425.745469,45435.33608,81325088,42.5,63.39299635
Germany,2011,1426.896784,47754.10388,81423384,42.5,65.64054664
Germany,2012,1407.982103,47312.20098,81545568,42.5,65.28417552
Germany,2013,1396.458087,47302.2198,81680592,42.5,65.47312027
Germany,2014,1400.411975,48789.92397,81858824,42.5,67.03571209
Germany,2015,1400.793099,48064.57011,82073232,42.5,65.97587729
Germany,2016,1394.754324,49255.83592,82331432,42.5,67.61836755
Germany,2017,1391.339722,51253.32741,82624368,42.5,69.84848268
Germany,2018,1389.931779,51284.93652,82896696,42.5,69.22486467
Germany,2019,1386.196834,51190.89163,83148144,42.5,68.8511922
Netherlands,1950,1997.125552,9007.362656,10093555,24,10.71075985
Netherlands,1951,1982.449017,9298.847286,10226297,24,11.26350987
Netherlands,1952,1967.880338,9415.736834,10361806,24,11.67056263
Netherlands,1953,1953.418721,10065.20844,10497301,24,12.47428504
Netherlands,1954,1939.06338,10535.69907,10631384,24,12.95633501
Netherlands,1955,1924.813535,11280.05001,10767911,24,13.89899229
Netherlands,1956,1910.668409,11575.10895,10905351,24,14.33199751
Netherlands,1957,1896.627233,11846.34117,11046127,24,14.88207968
Netherlands,1958,1882.689243,11641.03007,11191758,24,15.08668495
Netherlands,1959,1868.853681,12127.4204,11341766,24,15.89657081
Netherlands,1960,1855.119795,13113.13495,11493124,24,17.20012085
Netherlands,1961,1853.447472,13240.11911,11647374,24,17.360241
Netherlands,1962,1851.776658,13629.31137,11803461,24,17.78695463
Netherlands,1963,1850.107349,13537.5185,11958417,24,17.68212525
Netherlands,1964,1848.439545,14872.65796,12117832,24,19.36551374
Netherlands,1965,1846.773245,15301.04644,12275797,24,20.04180434
Netherlands,1966,1845.108447,15368.93126,12426790,24,20.2582498
Netherlands,1967,1843.44515,16021.9269,12576971,24,21.44524931
Netherlands,1968,1841.783352,16874.31254,12727200,24,22.62589837
Netherlands,1969,1840.121554,18204.07147,12881251,24,24.20251411
Netherlands,1970,1838.464249,19090.3823,13037686,24,25.76558084
Netherlands,1971,1804.925244,19911.33829,13186716,24,26.95724889
Netherlands,1972,1803.175244,20482.21966,13324182,24,29.19991462
Netherlands,1973,1776.72824,21831.89974,13447575,24,31.73102012
Netherlands,1974,1723.163233,22989.10509,13560532,24,33.20897609
Netherlands,1975,1669.984226,23108.59464,13663970,24,35.00219104
Netherlands,1976,1654.085224,24106.87066,13760114,24,35.99954469
Netherlands,1977,1633.827221,24367.54283,13855560,24,37.09058588
Netherlands,1978,1605.237217,24841.3819,13949415,24,37.67583733
Netherlands,1979,1583.771214,25255.44843,14040286,24,38.7113748
Netherlands,1980,1580.838214,26173.99193,14130383,33,37.8630175
Netherlands,1981,1580.313214,25294.80507,14217323,33,37.70865428
Netherlands,1982,1565.787212,24475.87233,14296533,33,38.46239841
Netherlands,1983,1550.84221,24419.02445,14369651,33,39.05448179
Netherlands,1984,1542.710209,24767.41828,14441930,33,37.85492867
Netherlands,1985,1526.234206,24075.87349,14515705,33,39.04359143
Netherlands,1986,1511.273204,25028.98103,14592526,33,39.20100636
Netherlands,1987,1489.978201,25144.99002,14675302,33,40.10595571
Netherlands,1988,1486.766201,25964.03612,14762321,33,40.83997955
Netherlands,1989,1482.0112,26902.65612,14850230,33,42.34108367
Netherlands,1990,1476.1852,28432.91928,14944550,35,43.16380931
Netherlands,1991,1467.071198,29128.87146,15046578,35,43.04870803
Netherlands,1992,1473.485199,29365.76816,15150688,35,44.56738849
Netherlands,1993,1463.152198,30104.89304,15251088,35,45.28774506
Netherlands,1994,1470.796199,30778.45788,15349481,35,46.16416114
Netherlands,1995,1481.5582,32155.63041,15446670,35,46.58419237
Netherlands,1996,1496.450404,33305.76372,15538617,35,48.85034014
Netherlands,1997,1481.967312,35467.70778,15629912,35,49.45279139
Netherlands,1998,1478.721839,36453.56714,15722601,35,51.94019007
Netherlands,1999,1477.174053,39085.12763,15812491,35,56.51198472
Netherlands,2000,1464.061441,42616.63635,15899138,37.5,56.63192642
Netherlands,2001,1454.07685,42938.49373,15981630,37.5,57.18542892
Netherlands,2002,1436.376646,42863.04135,16057042,37.5,57.88710225
Netherlands,2003,1427.827804,42688.30037,16127574,37.5,58.76193341
Netherlands,2004,1447.895232,43293.61196,16196036,37.5,66.80439061
Netherlands,2005,1433.611871,48942.48058,16261834,37.5,67.05721027
Netherlands,2006,1430.447131,50002.71972,16325679,37.5,69.59228675
Netherlands,2007,1429.172025,53258.06092,16391232,37.5,71.34044264
Netherlands,2008,1428.566237,55246.90318,16460775,37.5,66.42687747
Netherlands,2009,1420.047064,50439.01863,16536200,37.5,67.39712977
Netherlands,2010,1419.633443,50553.59548,16617121,37.5,68.47871001
Netherlands,2011,1420.180237,51588.3084,16701470,37.5,70.780004
Netherlands,2012,1410.509788,52656.02593,16785294,37.5,74.74743557
Netherlands,2013,1414.698958,54954.07814,16867352,37.5,70.81941224
Netherlands,2014,1425.595301,52230.88937,16954080,37.5,69.6892
Netherlands,2015,1425.813579,51664.71657,17041110,37.5,68.14818734
Netherlands,2016,1437.309404,51435.75991,17124512,37.5,70.61846134
Netherlands,2017,1436.765644,54233.45021,17207204,37.5,70.1213594
Netherlands,2018,1436.403363,54921.65024,17286042,37.5,69.77961147
Netherlands,2019,1439.731516,55569.43987,17363260,37.5,20.52028942
United Kingdom,1950,2183.943622,10457.37926,50055068,25,10.33141841
United Kingdom,1951,2192.663847,10759.38917,50271908,25,10.46623519
United Kingdom,1952,2160.85856,10696.73454,50484812,25,10.59366956
United Kingdom,1953,2164.779889,11204.89588,50728620,25,11.05965844
United Kingdom,1954,2168.931003,11594.52391,50969936,25,11.30143936
United Kingdom,1955,2167.362952,12021.08779,51193272,25,11.64158651
United Kingdom,1956,2153.779598,12219.7452,51421616,25,11.85881913
United Kingdom,1957,2132.252318,12400.64999,51682404,25,12.19987096
United Kingdom,1958,2102.453274,12402.60892,51960820,25,12.56381228
United Kingdom,1959,2112.238031,12756.47156,52241648,25,13.22018288
United Kingdom,1960,2103.583658,13277.78534,52543024,25,13.68407189
United Kingdom,1961,2066.811106,13502.72285,52861256,25,14.12112801
United Kingdom,1962,2029.04476,13551.65364,53183636,25,14.46516911
United Kingdom,1963,2020.596682,13989.65274,53508520,25,15.07108215
United Kingdom,1964,2020.83365,14730.59933,53861504,25,15.79069375
United Kingdom,1965,1997.567956,15018.66596,54229568,25,16.23006987
United Kingdom,1966,1941.609751,15258.81086,54560504,25,16.95470295
United Kingdom,1967,1929.527472,15526.91552,54876360,25,17.71464876
United Kingdom,1968,1922.201534,16086.74303,55169252,25,18.62129227
United Kingdom,1969,1912.604783,16329.38454,55420524,25,19.06970982
United Kingdom,1970,1870.894407,16703.92426,55650160,25,20.08753
United Kingdom,1971,1830.142408,16915.13405,55875904,25,21.08466001
United Kingdom,1972,1851.366498,17417.06272,56057324,25,21.46417319
United Kingdom,1973,1860.252353,18581.94769,56166632,25,22.49061637
United Kingdom,1974,1845.297003,17964.90924,56233776,25,21.86918679
United Kingdom,1975,1814.079593,17617.30118,56266852,25,21.89557588
United Kingdom,1976,1807.024127,18492.52179,56263232,25,23.20643672
United Kingdom,1977,1816.92934,19375.94472,56244844,25,24.14846939
United Kingdom,1978,1818.03747,20694.65093,56240768,25,25.63565544
United Kingdom,1979,1815.493,21871.5672,56265152,25,26.88557123
United Kingdom,1980,1785.396382,22179.23655,56326328,28,27.88640666
United Kingdom,1981,1749.119935,21716.84077,56395848,28,28.65488449
United Kingdom,1982,1745.419246,21741.29936,56450132,28,29.30091318
United Kingdom,1983,1739.54848,22223.56583,56501616,28,30.29684514
United Kingdom,1984,1745.752522,22475.61998,56568252,28,29.93290908
United Kingdom,1985,1748.081732,22813.94154,56643040,28,30.04745175
United Kingdom,1986,1742.736778,23032.3819,56721912,28,30.3331413
United Kingdom,1987,1747.566738,23998.70751,56826320,28,31.00423557
United Kingdom,1988,1754.725738,24798.92412,56952648,28,30.98644641
United Kingdom,1989,1758.556942,25105.53575,57076096,28,30.59494096
United Kingdom,1990,1745.944085,25300.6416,57210444,30,31.00491938
United Kingdom,1991,1720.546584,24466.11178,57359452,30,31.34581967
United Kingdom,1992,1714.330462,24367.12693,57509240,30,32.18278915
United Kingdom,1993,1710.316072,24975.3942,57647464,30,33.45370774
United Kingdom,1994,1720.590484,25611.41983,57785900,30,33.91727722
United Kingdom,1995,1722.625249,28073.40128,57930364,30,36.77932803
United Kingdom,1996,1722.092499,29682.40268,58078584,30,38.63747424
United Kingdom,1997,1721.195442,31371.13135,58250192,30,40.24271523
United Kingdom,1998,1716.99944,32121.95283,58438320,30,41.01082363
United Kingdom,1999,1708.610393,33362.67365,58635204,30,42.35772364
United Kingdom,2000,1692.953954,35217.96018,58850044,32.5,44.76795053
United Kingdom,2001,1695.976472,35888.94381,59092016,32.5,45.33828978
United Kingdom,2002,1678.561396,35795.54455,59355688,32.5,45.50275763
United Kingdom,2003,1669.380343,36378.22627,59649800,32.5,46.25544572
United Kingdom,2004,1666.715738,37092.0183,59995852,32.5,46.99384163
United Kingdom,2005,1669.737173,39429.30706,60383740,32.5,49.65176641
United Kingdom,2006,1663.985723,39719.8683,60803700,32.5,50.06107772
United Kingdom,2007,1665.821363,39250.95015,61260680,32.5,49.39457084
United Kingdom,2008,1660.468805,40177.63059,61742152,32.5,50.69226343
United Kingdom,2009,1638.331733,36955.32224,62243384,32.5,48.38713901
United Kingdom,2010,1643.207828,39109.23824,62760048,32.5,51.32954446
United Kingdom,2011,1639.815847,39317.52655,63286360,32.5,51.85059009
United Kingdom,2012,1655.019025,40067.90777,63808728,32.5,52.15333578
United Kingdom,2013,1665.974886,41322.34483,64302296,32.5,53.1715425
United Kingdom,2014,1672.434032,41283.16585,64773504,32.5,52.07598934
United Kingdom,2015,1669.465155,42629.23286,65224368,32.5,53.37609134
United Kingdom,2016,1667.698899,42644.36164,65655204,32.5,53.0798718
United Kingdom,2017,1668.949059,44093.93383,66064808,32.5,54.67692069
United Kingdom,2018,1663.188884,44296.24524,66432996,32.5,54.79958639
United Kingdom,2019,1667.947711,44274.95757,66778660,32.5,54.34880892
United States,1950,1990.144875,15911.84139,148281552,18,19.80348525
United States,1951,2031.635134,16814.24555,150598448,18,20.12042626
United States,1952,2027.812612,17094.78356,152941728,18,20.59813146
United States,1953,2021.450284,17586.40865,155451200,18,21.30932946
United States,1954,1998.127345,17226.94956,158205872,18,21.89258252
United States,1955,2005.584143,18205.35885,161136448,18,22.80076496
United States,1956,1990.458687,18296.60303,164063408,18,22.94762809
United States,1957,1962.60482,18360.44278,166949120,18,23.66454314
United States,1958,1928.461296,17873.42244,170147104,18,24.27697753
United States,1959,1953.84128,18855.43923,173324608,18,25.12749102
United States,1960,1935.263041,19079.52491,176188576,18,25.6489037
United States,1961,1920.714524,19246.52132,179087280,18,26.4865592
United States,1962,1940.234114,20092.72104,181917808,18,27.38961019
United States,1963,1928.448832,20687.4026,184649872,18,28.38563415
United States,1964,1935.148832,21628.64886,187277376,18,29.3198618
United States,1965,1955.096567,22745.72817,189703280,18,30.18708797
United States,1966,1963.907705,23932.80207,191830976,18,31.04063604
United States,1967,1941.092771,24255.71052,193782432,18,31.45307651
United States,1968,1937.417662,25147.79435,195743424,18,32.35524306
United States,1969,1938.099795,25697.33752,197859328,18,32.59705128
United States,1970,1893.423643,25444.53243,200328336,18,33.24228653
United States,1971,1877.651205,26055.35768,202907920,18,34.63090934
United States,1972,1874.222433,27223.62447,205238384,18,35.61808837
United States,1973,1872.663177,28641.65097,207314768,18,36.6648898
United States,1974,1844.781223,28130.11565,209277968,18,36.20889945
United States,1975,1813.247994,27739.98219,211274544,18,37.12749079
United States,1976,1809.29707,29056.28142,213270032,18,38.14145615
United States,1977,1809.376655,30150.4807,215437408,18,38.62600332
United States,1978,1815.715637,31586.9868,217881440,18,39.10480166
United States,1979,1817.713817,32332.08652,220463104,18,39.33189014
United States,1980,1801.611445,31852.34066,223140016,22,39.36243569
United States,1981,1790.005617,32363.21048,225654000,22,40.18539336
United States,1982,1770.666091,31322.74502,228001424,22,39.99923304
United States,1983,1779.871537,32433.31899,230389968,22,41.04833671
United States,1984,1795.576641,34566.8937,232766288,22,42.0352063
United States,1985,1801.137378,35481.77218,235146176,22,42.53524325
United States,1986,1780.839365,36283.55075,237512784,22,43.41627171
United States,1987,1788.517421,37202.92284,239853168,22,43.60945844
United States,1988,1798.271529,38361.33787,242287808,22,44.17594358
United States,1989,1810.293103,39332.73936,244954096,22,44.53703996
United States,1990,1795.56791,39577.01797,248083728,23,45.16286569
United States,1991,1787.337817,39048.79626,251560192,23,45.7446226
United States,1992,1774.882852,40083.84929,255175328,23,47.65191729
United States,1993,1789.954717,40852.21757,258779760,23,48.10981158
United States,1994,1807.827339,42154.47523,262273584,23,48.65046535
United States,1995,1817.474328,42847.78826,265660560,23,49.04458058
United States,1996,1823.520522,44033.57694,268984352,23,50.0908576
United States,1997,1828.488276,45489.99538,272395424,23,51.0704781
United States,1998,1839.196147,46967.60194,275835008,23,52.24618658
United States,1999,1841.333456,48561.877,279181568,23,53.71745365
United States,2000,1844.85398,50036.99378,282398560,20,55.11331295
United States,2001,1823.659338,49912.22787,285470496,20,56.18242333
United States,2002,1806.690813,50114.77366,288350240,20,57.68047878
United States,2003,1790.841678,51065.86719,291109824,20,59.58643303
United States,2004,1789.52746,52582.01838,293947904,20,61.24117663
United States,2005,1787.013857,53969.16341,296842656,20,62.52242007
United States,2006,1787.351164,55032.86116,299753088,20,63.18691673
United States,2007,1785.883505,55561.86517,302743392,20,63.88461455
United States,2008,1765.766303,54933.59279,305694912,20,64.56712247
United States,2009,1728.607649,52871.70395,308512032,20,66.34159433
United States,2010,1735.011206,53887.06682,311182848,20,68.20561939
United States,2011,1744.908365,54379.75456,313876608,20,68.31263727
United States,2012,1746.858564,55351.99643,316651328,20,68.82277472
United States,2013,1752.532776,56144.17128,319375168,20,69.43636518
United States,2014,1758.268517,57250.52474,322033952,20,70.00537889
United States,2015,1770.023174,58543.55815,324607776,20,70.63670842
United States,2016,1766.744125,59115.32647,327210208,20,70.92088856
United States,2017,1763.726676,60116.56849,329791232,20,71.63857051
United States,2018,1774.703811,61618.74089,332140032,20,72.48703163
United States,2019,1765.34639,62588.99973,334319680,20,73.70040373
Belgium,1950,2096.149067,8348.564961,8617340,28,9.943140752
Belgium,1951,2085.919417,8653.753036,8655405,28,10.41288781
Belgium,1952,2075.739691,8795.961427,8695589,28,10.6934429
Belgium,1953,2065.609644,9025.455291,8740418,28,11.08622338
Belgium,1954,2055.529033,9392.506111,8787230,28,11.65706158
Belgium,1955,2045.497618,9757.859296,8834527,28,12.23681045
Belgium,1956,2035.515159,9976.828723,8881499,28,12.64227998
Belgium,1957,2025.581416,10074.67435,8931968,28,12.83156611
Belgium,1958,2015.696152,9884.441041,8987667,28,12.87856993
Belgium,1959,2005.85913,10124.74589,9049394,28,13.44223026
Belgium,1960,1996.070114,10628.07735,9108729,28,13.88365436
Belgium,1961,1984.229601,11145.6082,9168479,28,14.61275778
Belgium,1962,1972.459324,11681.07615,9230337,28,15.2589054
Belgium,1963,1960.758868,12054.98757,9288223,28,15.84094005
Belgium,1964,1949.127818,12765.85617,9350473,28,16.78818416
Belgium,1965,1937.565762,13103.90374,9412091,28,17.41841959
Belgium,1966,1926.072291,13376.34282,9466114,28,17.93562743
Belgium,1967,1914.646999,13816.64877,9515229,28,18.81442695
Belgium,1968,1903.28948,14354.8447,9556258,28,19.75418865
Belgium,1969,1891.999334,15203.51482,9592105,28,20.74318244
Belgium,1970,1880.776159,16048.81047,9629376,28,22.06673815
Belgium,1971,1871.717158,16628.86329,9666396,28,22.89669725
Belgium,1972,1845.723156,17589.05486,9700295,28,24.70589763
Belgium,1973,1818.968154,18764.48221,9727987,28,26.58918773
Belgium,1974,1788.888151,19571.90345,9749063,28,27.86848718
Belgium,1975,1778.82415,19349.26748,9763432,28,28.19143687
Belgium,1976,1780.385151,20569.39377,9773540,28,30.15319886
Belgium,1977,1754.352148,20845.20565,9786372,28,31.17044998
Belgium,1978,1735.899147,21623.28677,9800204,28,32.67755196
Belgium,1979,1718.787145,22274.78142,9814133,28,33.71486492
Belgium,1980,1698.974144,23806.78865,9828989,34,36.53817739
Belgium,1981,1676.332142,22679.86416,9843594,34,35.9610273
Belgium,1982,1661.973141,21934.95335,9857337,34,35.55492078
Belgium,1983,1667.908141,21274.95989,9866528,34,34.81666518
Belgium,1984,1691.877143,21207.99805,9873600,34,34.22410261
Belgium,1985,1697.872144,20143.08924,9880540,34,32.24843155
Belgium,1986,1677.896142,21584.1312,9887822,34,34.75911867
Belgium,1987,1662.919141,22772.01332,9900226,34,36.76180325
Belgium,1988,1650.92914,24514.70501,9917989,34,39.16165911
Belgium,1989,1641.937139,25045.9871,9937168,34,39.83132733
Belgium,1990,1655.92814,26114.31392,9959565,34,40.86992014
Belgium,1991,1618.974137,26425.4025,9987072,34,42.31518998
Belgium,1992,1596.001135,27306.83712,10016455,34,44.5941605
Belgium,1993,1552.056131,27369.02273,10043738,34,46.44246683
Belgium,1994,1552.056131,27974.86557,10069182,34,47.81690658
Belgium,1995,1578.026133,29060.27075,10095204,34,48.26081777
Belgium,1996,1552.057131,28905.14987,10123230,34,48.77326394
Belgium,1997,1565.044132,30190.76086,10154876,34,50.29988215
Belgium,1998,1576.034133,30345.20812,10188541,34,49.44472164
Belgium,1999,1575.382133,31710.69491,10224223,34,51.10491122
Belgium,2000,1589.102611,33739.32714,10264351,33,52.97064938
Belgium,2001,1581.243159,33801.44469,10309249,33,52.79248261
Belgium,2002,1593.645551,34587.23252,10355569,33,53.71765937
Belgium,2003,1598.219868,35921.40625,10402550,33,55.91570105
Belgium,2004,1587.802649,36637.97957,10456164,33,57.09043524
Belgium,2005,1577.676449,40701.17533,10516979,33,63.27379515
Belgium,2006,1591.637664,39286.82327,10582970,33,60.26023031
Belgium,2007,1593.657532,40197.40706,10653698,33,61.0160381
Belgium,2008,1582.505144,43370.99008,10726720,33,65.65439439
Belgium,2009,1563.225214,41608.60926,10801357,33,64.38502476
Belgium,2010,1573.830711,44733.91254,10877948,33,69.09867122
Belgium,2011,1590.234351,44285.62886,10955742,33,67.52879037
Belgium,2012,1587.295075,44366.01191,11031140,33,67.90891143
Belgium,2013,1585.595087,43980.91025,11103260,33,67.90903891
Belgium,2014,1581.595989,43960.46488,11176727,33,68.08156695
Belgium,2015,1575.456869,42891.35407,11248306,33,66.48823946
Belgium,2016,1574.154172,43413.091,11316837,33,66.85478857
Belgium,2017,1577.917666,45150.19727,11384491,33,68.51652068
Belgium,2018,1583.263997,44205.29472,11448598,33,66.24509479
Belgium,2019,1586.430997,44839.67784,11510569,33,66.26524492
Denmark,1950,2049.513862,10533.16562,4267702,27,11.12633771
Denmark,1951,2035.059061,10272.44309,4299583,27,10.88476746
Denmark,1952,2020.706208,10416.39834,4330760,27,11.30065669
Denmark,1953,2006.454582,10985.87745,4362493,27,11.8382717
Denmark,1954,1992.30347,11257.63572,4394327,27,12.21347283
Denmark,1955,1978.252163,11132.25767,4426513,27,12.29073897
Denmark,1956,1964.299956,11295.04795,4459563,27,12.70607683
Denmark,1957,1950.446152,11808.9145,4491048,27,13.41488222
Denmark,1958,1936.690056,11960.83875,4521333,27,13.72162558
Denmark,1959,1923.030979,12868.68538,4551440,27,14.68560278
Denmark,1960,1909.468236,13568.78912,4581730,27,15.42354947
Denmark,1961,1921.411191,14338.30201,4613437,27,16.06420293
Denmark,1962,1933.428843,14907.13083,4645997,27,16.47818128
Denmark,1963,1945.521661,15032.26023,4680814,27,16.44153701
Denmark,1964,1957.690115,16132.69824,4718021,27,17.31675231
Denmark,1965,1969.934678,16703.31146,4756336,27,17.63822816
Denmark,1966,1982.255825,17004.72644,4796410,27,17.69067055
Denmark,1967,1953.661828,17770.52885,4834734,27,18.91835548
Denmark,1968,1909.191831,18674.50866,4867744,27,20.3092189
Denmark,1969,1869.701835,19775.55824,4896156,27,21.64796456
Denmark,1970,1845.349837,19875.73811,4922968,27,21.92384885
Denmark,1971,1809.73684,20302.10299,4951490,27,23.02796756
Denmark,1972,1751.847845,21029.93371,4981082,27,24.29546045
Denmark,1973,1709.508849,21717.08163,5008581,27,25.54745989
Denmark,1974,1691.491851,21284.60757,5033574,27,25.63226001
Denmark,1975,1616.507857,20856.07356,5058203,27,26.70860636
Denmark,1976,1623.538309,21944.21779,5078773,27,27.57963303
Denmark,1977,1598.426822,22428.94688,5094605,27,28.78654331
Denmark,1978,1575.15552,23003.82949,5108931,27,29.80204568
Denmark,1979,1563.842815,23879.3749,5119417,27,30.88509446
Denmark,1980,1577.43595,23979.72442,5125397,30,30.96275888
Denmark,1981,1546.395854,23128.79539,5126983,30,30.94048106
Denmark,1982,1552.843276,23511.05723,5126402,30,31.15780908
Denmark,1983,1545.957729,23736.12979,5124341,30,31.55191311
Denmark,1984,1540.836859,24247.69715,5121317,30,31.86148317
Denmark,1985,1527.466411,24626.0022,5119453,30,31.912687
Denmark,1986,1530.951121,26436.16608,5119368,30,33.40955479
Denmark,1987,1493.026518,27056.19243,5121515,30,34.84320021
Denmark,1988,1471.169688,27024.98184,5126107,30,35.50808346
Denmark,1989,1454.950439,27144.45314,5133937,30,36.19994641
Denmark,1990,1440.499755,27817.97759,5144626,35,37.68994646
Denmark,1991,1437.311293,27846.02921,5158325,35,38.28121157
Denmark,1992,1452.366597,28845.56005,5175466,35,39.69485935
Denmark,1993,1448.919176,28523.39981,5193776,35,40.13057543
Denmark,1994,1406.661864,29687.18038,5213801,35,42.32774265
Denmark,1995,1419.143422,30550.23631,5235205,35,43.13151211
Denmark,1996,1412.263976,31560.5637,5256002,35,44.58612739
Denmark,1997,1428.089455,33088.33543,5277385,35,45.78628628
Denmark,1998,1441.134979,33963.25232,5298991,35,46.09123662
Denmark,1999,1456.497256,35450.43791,5319856,35,47.36426481
Denmark,2000,1465.937245,37403.95816,5340662,37,49.45022011
Denmark,2001,1468.677111,37265.40958,5360753,37,48.86708967
Denmark,2002,1462.584584,37064.26534,5378700,37,48.931541
Denmark,2003,1457.829011,37679.65173,5396355,37,50.50564544
Denmark,2004,1458.075543,39556.91301,5415583,37,53.43097875
Denmark,2005,1451.363917,43031.41338,5436314,37,57.73327263
Denmark,2006,1455.701807,44582.70561,5457863,37,58.51275482
Denmark,2007,1432.769768,45687.33145,5479722,37,59.7964099
Denmark,2008,1430.0546,48294.33321,5502752,37,62.95679021
Denmark,2009,1417.028395,46005.82639,5526455,37,62.82185994
Denmark,2010,1422.306357,48860.05237,5550850,37,68.3601037
Denmark,2011,1436.980152,49686.80581,5576016,37,69.1213258
Denmark,2012,1423.347827,49100.33532,5600955,37,69.71548825
Denmark,2013,1425.635121,47969.63917,5625393,37,68.29498431
Denmark,2014,1413.808229,47861.25537,5650654,37,68.46330747
Denmark,2015,1407.148109,47492.90589,5677795,37,67.80658039
Denmark,2016,1412.045751,48930.08858,5706856,37,69.00418726
Denmark,2017,1405.404018,51671.59665,5737286,37,72.54114087
Denmark,2018,1381.929451,51931.83681,5766689,37,73.4717261
Denmark,2019,1380.607643,54027.14819,5795879,37,76.0035435
Ireland,1950,2419.41115,5439.048396,2906608,20,5.234293423
Ireland,1951,2407.575037,5512.545224,2924713,20,5.3781187
Ireland,1952,2395.796828,5738.280285,2929379,20,5.675927488
Ireland,1953,2384.07624,5877.479984,2917036,20,5.894643523
Ireland,1954,2372.41299,5972.753826,2902783,20,6.074174482
Ireland,1955,2360.806799,6157.824391,2886375,20,6.350702974
Ireland,1956,2349.257387,6129.407288,2869658,20,6.411080732
Ireland,1957,2337.764476,6136.526708,2854321,20,6.654660763
Ireland,1958,2326.327791,6086.023971,2838765,20,6.66925808
Ireland,1959,2314.947055,6354.354029,2823474,20,7.02937856
Ireland,1960,2303.621996,6697.144402,2811075,20,7.451241008
Ireland,1961,2306.615742,7039.008935,2807012,20,7.820662529
Ireland,1962,2309.613378,7185.552266,2813072,20,7.930686153
Ireland,1963,2312.61491,7465.894907,2824097,20,8.240917671
Ireland,1964,2315.620343,7654.143537,2837439,20,8.439604693
Ireland,1965,2318.629682,7732.918958,2852404,20,8.567075922
Ireland,1966,2321.642932,7836.779706,2867008,20,8.722732855
Ireland,1967,2324.660098,8260.908505,2882744,20,9.28292404
Ireland,1968,2327.681184,8859.890292,2899653,20,9.957421435
Ireland,1969,2330.706197,9250.647605,2917193,20,10.40043953
Ireland,1970,2333.735141,9313.152518,2937647,20,10.67487664
Ireland,1971,2316.73113,9516.661415,2969402,20,10.96721579
Ireland,1972,2296.587917,10107.7109,3013995,20,12.08099099
Ireland,1973,2284.031108,10525.5856,3062017,20,12.67301571
Ireland,1974,2247.668684,10614.25194,3110101,20,13.01901027
Ireland,1975,2237.727878,10943.16069,3157921,20,13.81848896
Ireland,1976,2232.234274,11243.76663,3205754,20,14.58970053
Ireland,1977,2202.673455,12164.75569,3254661,20,15.71590562
Ireland,1978,2183.053442,13122.53593,3305575,20,17.13532053
Ireland,1979,2161.340627,13624.62429,3351902,20,17.37597989
Ireland,1980,2122.100601,14064.99787,3391393,28,18.61795088
Ireland,1981,2090.708581,14136.98342,3424834,28,19.28774547
Ireland,1982,2083.383776,14162.07981,3451220,28,19.67453386
Ireland,1983,2073.181369,13791.21493,3472904,28,19.55845638
Ireland,1984,2055.130957,14015.85764,3490937,28,20.57254455
Ireland,1985,2062.194162,13992.83193,3505781,28,20.62266912
Ireland,1986,2096.725385,14832.84736,3515672,28,21.63598962
Ireland,1987,2076.058971,15861.53301,3513702,28,23.22416238
Ireland,1988,2084.430177,16536.19493,3498032,28,24.03594167
Ireland,1989,2091.754981,17637.56991,3483316,28,25.45810519
Ireland,1990,2080.244574,19040.82989,3485370,28,26.43972722
Ireland,1991,2045.190151,19321.96745,3504806,28,27.53634895
Ireland,1992,1996.794119,20577.31096,3528370,28,30.13629332
Ireland,1993,1970.110901,21711.35324,3545700,28,31.90891352
Ireland,1994,1970.372501,22653.37323,3559396,28,32.41280845
Ireland,1995,1962.001296,25668.74713,3579486,28,35.50946044
Ireland,1996,1953.599192,27494.08755,3606725,28,37.13153786
Ireland,1997,1954.194139,30539.47705,3640157,28,40.081068
Ireland,1998,1953.194044,33236.83448,3678670,28,41.37619812
Ireland,1999,1941.882875,36071.59853,3719918,30,42.90238573
Ireland,2000,1932.723788,39746.35289,3768954,30,46.06947165
Ireland,2001,1923.529378,42077.62975,3829019,30,48.28829626
Ireland,2002,1904.276271,46392.89574,3894256,30,53.84588069
Ireland,2003,1886.786435,49762.9827,3958706,30,58.17026489
Ireland,2004,1875.255957,51708.68032,4031961,30,59.90590092
Ireland,2005,1883.193701,55875.63218,4121220,30,62.79604418
Ireland,2006,1878.812957,56340.1655,4234809,30,62.32753319
Ireland,2007,1864.932283,60186.03986,4359841,30,66.1450405
Ireland,2008,1843.896208,56254.65225,4452393,30,64.22193664
Ireland,2009,1811.802986,52878.86513,4499797,30,67.3449179
Ireland,2010,1720.973817,52986.93606,4524581,30,74.46072808
Ireland,2011,1736.531498,53714.65584,4544504,30,76.79018827
Ireland,2012,1737.861253,54413.62668,4564550,30,78.48910458
Ireland,2013,1743.472635,54242.16559,4588830,30,76.15627679
Ireland,2014,1757.030592,58406.45643,4622165,30,79.81214884
Ireland,2015,1770.584308,75990.26314,4665764,30,100.3916047
Ireland,2016,1762.923211,81188.48598,4715791,30,105.0437779
Ireland,2017,1774.749783,86808.65356,4771860,30,109.488306
Ireland,2018,1785.402163,91647.36033,4834506,30,112.7629226
Ireland,2019,1771.977942,102622.4489,4896021,30,125.0925365
Italy,1950,2099.530484,4536.185548,46391944,24,5.097325549
Italy,1951,2105.95949,4910.350701,46750764,24,5.529936957
Italy,1952,2112.408182,5040.888501,47016488,24,5.642215785
Italy,1953,2118.876621,5369.748679,47412148,24,5.965066494
Italy,1954,2125.364867,5562.725805,47833768,24,6.121145756
Italy,1955,2131.872981,5900.364903,48130728,24,6.520286245
Italy,1956,2138.401024,6089.499619,48403440,24,6.725706253
Italy,1957,2144.949056,6312.917846,48660256,24,6.957693633
Italy,1958,2151.517139,6553.360265,48930472,24,7.218493974
Italy,1959,2158.105334,6974.969225,49224672,24,7.703532183
Italy,1960,2164.713704,7582.857308,49517708,24,8.376798427
Italy,1961,2148.0322,8164.420195,49812724,24,9.090406983
Italy,1962,2098.947968,8569.28908,50162244,24,9.854922389
Italy,1963,2084.208613,8901.154235,50555128,24,10.55604409
Italy,1964,2078.077296,9080.253693,50997780,24,10.92292041
Italy,1965,2020.486775,9266.724334,51452860,24,11.83970206
Italy,1966,2039.121906,9722.435517,51882568,24,12.59562987
Italy,1967,2063.561779,10357.85428,52294440,24,13.18083663
Italy,1968,2057.121867,10963.98508,52661072,24,14.0879641
Italy,1969,2056.003532,11560.77588,53001508,24,15.06365051
Italy,1970,2034.742333,13036.20731,53324036,24,17.1945019
Italy,1971,1982.45674,13272.59594,53636100,24,18.07761318
Italy,1972,1963.663172,13844.93745,53995428,24,19.21419198
Italy,1973,1947.480476,14945.15225,54379588,24,20.78501083
Italy,1974,1917.017535,15898.90735,54750684,24,22.29253996
Italy,1975,1901.552579,15623.41786,55093992,24,22.2056188
Italy,1976,1899.464673,17110.40757,55388904,24,24.21757719
Italy,1977,1864.746377,17926.49367,55649672,24,25.86773189
Italy,1978,1854.740073,18917.65096,55877016,24,27.44275218
Italy,1979,1848.228348,20585.07676,56070680,24,29.70446309
Italy,1980,1849.261058,21941.04762,56329480,35,31.23871823
Italy,1981,1852.643336,21531.69999,56532908,35,30.65252757
Italy,1982,1862.873952,21148.31887,56585840,35,29.89778871
Italy,1983,1867.663349,20860.44462,56607516,35,29.36965553
Italy,1984,1856.670385,21096.10133,56620236,35,29.91422637
Italy,1985,1850.526219,21268.63124,56636468,35,29.99338397
Italy,1986,1863.014406,22689.62894,56639056,35,31.56708679
Italy,1987,1877.640619,23829.48528,56644528,35,32.81737375
Italy,1988,1885.323128,24882.01001,56670880,35,33.76746015
Italy,1989,1873.100766,25912.54136,56711524,35,35.15763444
Italy,1990,1856.401359,27016.46857,56756560,40,36.40853188
Italy,1991,1847.468313,27820.14357,56794488,40,37.00645637
Italy,1992,1850.497411,28310.20364,56833184,40,37.89718143
Italy,1993,1850.64018,28232.00419,56869456,40,38.85644167
Italy,1994,1850.326771,29150.03832,56883820,40,40.80632338
Italy,1995,1856.212894,30583.93058,56885124,40,42.76447801
Italy,1996,1866.151756,31243.60107,56898972,40,43.20180996
Italy,1997,1859.863898,32623.66432,56925808,40,45.14074291
Italy,1998,1873.132928,34237.78205,56938736,40,46.57698488
Italy,1999,1869.878018,35258.89536,56945064,40,47.53870526
Italy,2000,1850.197971,36099.54357,56966400,41.5,48.26480208
Italy,2001,1837.636217,35995.8718,56994992,41.5,47.54830604
Italy,2002,1826.190095,35316.08585,57107576,41.5,46.23609211
Italy,2003,1815.103813,35236.84561,57425176,41.5,45.94581297
Italy,2004,1814.615542,35210.15084,57860664,41.5,45.9425729
Italy,2005,1811.101718,36438.45379,58199876,41.5,47.60363077
Italy,2006,1811.851615,37629.72664,58429904,41.5,48.33386315
Italy,2007,1817.707441,39278.03857,58778480,41.5,49.92546926
Italy,2008,1806.539391,40041.07779,59224228,41.5,51.43632933
Italy,2009,1775.169635,38338.21231,59562844,41.5,51.19159079
Italy,2010,1776.773246,38651.53222,59822452,41.5,52.0540614
Italy,2011,1772.557375,39455.66298,60025952,41.5,53.21144863
Italy,2012,1733.642273,38435.727,60190152,41.5,53.28641849
Italy,2013,1719.0903,37340.9942,60312600,41.5,53.77870975
Italy,2014,1716.341179,36959.63904,60322792,41.5,53.76528416
Italy,2015,1717.46898,36995.25776,60232908,41.5,53.38170453
Italy,2016,1721.697513,38755.73125,60118628,41.5,54.9447328
Italy,2017,1719.159291,40155.50741,60004024,41.5,56.27207136
Italy,2018,1722.318456,40546.68631,59877432,41.5,56.15265255
Italy,2019,1717.833818,40732.03047,59727936,41.5,56.09083666
Spain,1950,2209.257149,3857.871568,28069696,44,4.209352533
Spain,1951,2205.078603,4507.457484,28207082,44,4.95226086
Spain,1952,2201.016032,4685.779887,28404776,44,5.182965177
Spain,1953,2197.055775,4473.220827,28633540,44,4.969439199
Spain,1954,2214.114121,5010.657275,28862382,44,5.531813029
Spain,1955,2196.024463,5236.100314,29095376,44,5.805472415
Spain,1956,2179.888705,5570.16218,29329782,44,6.182429614
Spain,1957,2164.812273,5758.373557,29577444,44,6.397954615
Spain,1958,2150.180051,5947.939376,29857444,44,6.588261097
Spain,1959,2139.628332,5759.506812,30150508,44,6.545708183
Spain,1960,2130.374028,6368.107141,30415594,44,7.415540726
Spain,1961,2112.117368,7055.688747,30711866,44,8.220226044
Spain,1962,2094.913094,7679.260084,31052630,44,9.037535378
Spain,1963,2077.98461,8340.459245,31388554,44,9.915868676
Spain,1964,2032.25583,8685.451652,31747644,44,10.60690647
Spain,1965,2024.530529,9079.128672,32112016,44,11.16548896
Spain,1966,2025.919429,9655.600655,32462272,44,11.88880847
Spain,1967,2034.76921,10012.23187,32814224,44,12.34241604
Spain,1968,1997.012999,10581.90152,33157582,44,13.35351057
Spain,1969,1988.764636,11453.877,33480510,44,14.52074838
Spain,1970,1996.720457,11811.07775,33792624,44,14.90053001
Spain,1971,1996.836457,12235.78218,34133620,44,15.46623695
Spain,1972,1992.692456,13088.27782,34515176,44,16.55639838
Spain,1973,1980.854453,13910.4285,34898152,44,17.43985972
Spain,1974,1987.027455,14417.37446,35329900,44,18.10540072
Spain,1975,1996.855457,14332.12947,35760432,44,18.42837894
Spain,1976,2006.966459,14832.6158,36139072,44,19.41343878
Spain,1977,2000.776458,15304.63369,36513080,44,20.50535061
Spain,1978,1973.552452,15600.99749,36865440,44,22.02583781
Spain,1979,1929.856442,15649.34097,37188964,44,23.30193257
Spain,1980,1918.122439,16096.19463,37491664,30,24.86243536
Spain,1981,1884.020431,15191.30676,37758648,30,24.6477258
Spain,1982,1862.925426,14606.47204,37982144,30,24.32342393
Spain,1983,1830.757419,14228.86918,38169764,30,24.32319894
Spain,1984,1786.692409,13930.65521,38329928,30,25.07563238
Spain,1985,1776.700407,13693.11549,38471924,30,25.15584449
Spain,1986,1768.667405,14528.3739,38590808,30,26.32177013
Spain,1987,1760.649403,15539.12376,38694532,30,27.10879599
Spain,1988,1756.578402,16606.14199,38781724,30,28.17957703
Spain,1989,1744.560399,17655.32735,38847320,30,29.23166134
Spain,1990,1746.5284,18580.33698,38889888,35,29.70608774
Spain,1991,1755.529402,19394.06039,38997064,35,30.56026385
Spain,1992,1747.5654,19818.44115,39202248,35,31.97004625
Spain,1993,1739.552398,20017.9135,39420540,35,33.5612952
Spain,1994,1738.507398,20803.612,39623732,35,35.23249425
Spain,1995,1738.796398,21821.61213,39814568,35,36.4206034
Spain,1996,1740.339289,22539.30158,39996476,35,37.20397224
Spain,1997,1742.636772,24225.04127,40180048,35,38.65604087
Spain,1998,1751.105871,25756.80832,40362356,35,39.34770514
Spain,1999,1756.273734,26719.43298,40542232,35,39.08449363
Spain,2000,1752.820758,28207.70824,40741652,36,39.56358144
Spain,2001,1762.069783,28700.02892,40966448,36,39.06304487
Spain,2002,1763.647418,29265.54795,41477652,36,39.38644487
Spain,2003,1754.63317,29217.01896,42230268,36,38.99506075
Spain,2004,1739.9012,29781.82669,42959672,36,39.34177058
Spain,2005,1723.719169,32439.22533,43685372,36,42.21093406
Spain,2006,1713.740634,34817.58525,44422824,36,44.52096319
Spain,2007,1701.307798,36548.96041,45245784,36,46.45946762
Spain,2008,1710.126202,36635.12718,45966544,36,47.02258909
Spain,2009,1715.804559,34948.16788,46367772,36,48.15939565
Spain,2010,1705.775535,34567.59618,46572776,36,48.99146593
Spain,2011,1710.691659,34297.75016,46729232,36,49.90865664
Spain,2012,1696.726618,34080.3966,46756084,36,52.12420781
Spain,2013,1689.82441,33551.81928,46603460,36,52.641404
Spain,2014,1690.563997,33744.02563,46464548,36,52.21948376
Spain,2015,1694.237188,35774.74497,46431344,36,53.6973248
Spain,2016,1701.450062,37270.55436,46473316,36,54.58749171
Spain,2017,1689.47622,38928.51016,46584172,36,56.06301345
Spain,2018,1695.501017,39610.01381,46792044,36,55.85592677
Spain,2019,1685.951506,40366.3969,47131372,36,56.31081247
Sweden,1950,2005.262608,10465.07168,7014611,29,10.85883571
Sweden,1951,1995.464908,10705.48849,7068422,29,11.14681035
Sweden,1952,1995.464908,10729.59894,7119455,29,11.34725342
Sweden,1953,1975.869508,11055.62765,7169979,29,11.91346018
Sweden,1954,1986.755841,11557.62263,7217603,29,12.35636104
Sweden,1955,1975.869508,11804.63524,7264358,29,12.65813144
Sweden,1956,1950.830941,12109.3625,7312100,29,13.05211787
Sweden,1957,1950.830941,12258.86935,7358125,29,13.27928331
Sweden,1958,1919.260574,12481.01027,7403293,29,13.72732713
Sweden,1959,1893.133374,13132.34366,7449319,29,14.52842823
Sweden,1960,1888.778841,13470.27925,7492907,29,14.59450806
Sweden,1961,1890.956107,14261.62982,7536314,29,15.39191875
Sweden,1962,1878.981141,14746.92146,7582638,29,16.01954148
Sweden,1963,1872.449341,15432.91743,7632938,29,16.83260328
Sweden,1964,1841.967607,16430.74798,7691821,29,18.09417137
Sweden,1965,1831.081274,16803.09574,7755758,29,18.66271728
Sweden,1966,1816.92904,16935.93556,7819976,29,19.1112303
Sweden,1967,1786.447307,17452.13344,7882645,29,20.40138502
Sweden,1968,1742.901973,17964.94891,7937776,29,21.41892205
Sweden,1969,1720.040673,18685.74119,7983538,29,22.31412889
Sweden,1970,1703.711173,19770.75242,8027701,29,23.59862915
Sweden,1971,1672.18317,19899.87462,8073823,29,24.41350854
Sweden,1972,1633.287166,20334.42105,8117718,29,25.53270824
Sweden,1973,1617.405165,21166.58024,8156938,29,26.7876307
Sweden,1974,1599.072163,21581.62352,8193157,29,27.16860314
Sweden,1975,1575.38616,21933.4355,8224408,29,27.59229057
Sweden,1976,1588.146162,22027.90565,8246992,29,27.49099845
Sweden,1977,1557.852158,21480.95744,8265245,29,27.37407068
Sweden,1978,1520.778155,21946.12804,8281304,29,28.62475149
Sweden,1979,1511.573154,22559.80548,8296037,29,29.24293067
Sweden,1980,1514.605154,22666.72618,8311761,30,29.05660057
Sweden,1981,1506.222153,23001.14352,8326689,30,29.6374725
Sweden,1982,1520.332155,23228.39474,8340726,30,29.72641357
Sweden,1983,1529.616156,23842.93425,8355111,30,30.27286285
Sweden,1984,1531.790156,24991.52285,8371284,30,31.45486533
Sweden,1985,1535.822156,25541.8758,8389918,30,31.78545931
Sweden,1986,1533.843156,27296.86609,8411798,30,33.8853932
Sweden,1987,1543.946157,28437.669,8438000,30,34.90929691
Sweden,1988,1563.488159,29438.7945,8468135,30,35.36234733
Sweden,1989,1562.341159,30032.80635,8504982,30,35.82385678
Sweden,1990,1558.671159,30300.87532,8548407,37,36.17643183
Sweden,1991,1545.425157,29976.74849,8594170,37,36.89616384
Sweden,1992,1563.008159,29555.93594,8640277,37,37.86535426
Sweden,1993,1594.681162,28359.40458,8683403,37,37.79535958
Sweden,1994,1633.44326,29923.6969,8723467,37,39.58877539
Sweden,1995,1638.931002,31846.58634,8758496,37,41.53988821
Sweden,1996,1651.480749,32804.72012,8785493,37,42.87687595
Sweden,1997,1656.306574,33953.15395,8807868,37,44.84882433
Sweden,1998,1655.183735,35369.70902,8828629,37,45.99834346
Sweden,1999,1664.776788,37317.5701,8848881,37,47.30134351
Sweden,2000,1643.43843,39777.26453,8871042,38,49.93068159
Sweden,2001,1620.152109,38611.29524,8896748,38,48.27664001
Sweden,2002,1597.025015,38685.70999,8926011,38,49.21104593
Sweden,2003,1583.299757,39622.5533,8961506,38,51.32245151
Sweden,2004,1606.849094,41318.49724,9004263,38,53.31366447
Sweden,2005,1605.513842,42820.67841,9051739,38,55.46835086
Sweden,2006,1603.951416,44403.98783,9104724,38,56.86028102
Sweden,2007,1616.890264,47054.97944,9164274,38,58.84280565
Sweden,2008,1627.131851,47859.11962,9229282,38,59.52371311
Sweden,2009,1613.096306,44327.00457,9301413,38,57.28188845
Sweden,2010,1640.514111,46317.09598,9381722,38,58.98032945
Sweden,2011,1640.991422,49371.04271,9467384,38,61.89217579
Sweden,2012,1627.294535,49126.62601,9555984,38,62.10690909
Sweden,2013,1617.955908,48665.78968,9648935,38,61.80890411
Sweden,2014,1619.430489,48693.20341,9747507,38,61.54204201
Sweden,2015,1620.925637,50104.2216,9849344,38,63.00722663
Sweden,2016,1634.169305,50485.49871,9953322,38,62.60931525
Sweden,2017,1621.472711,52032.67341,10058191,38,64.3374695
Sweden,2018,1620.734841,51773.86604,10162300,38,63.76410272
Sweden,2019,1605.276602,52433.33402,10267922,38,65.53587379
