,countrycode,country,currency_unit,year,rgdpe,pop,emp,avh,hc,cn,ctfp,vac,prod
590,AUS,Australia,Australian Dollar,1980,349085.7813,14.588405,6.277514458,1909.762827,3.21336031,1535867.125,0.845171928,32.0,58.236464075459
591,AUS,Australia,Australian Dollar,1981,366343.125,14.777243,6.356343269,1894.809448,3.232604742,1602208.25,0.856549442,32.0,60.83382960145656
592,AUS,Australia,Australian Dollar,1982,357623.9688,14.979205,6.340231419,1870.658317,3.251964808,1648038.25,0.845694184,32.0,60.30551561779361
593,AUS,Australia,Australian Dollar,1983,377933.2813,15.194641,6.241293907,1857.01413,3.271440506,1689566.875,0.871548772,32.0,65.21617017079623
594,AUS,Australia,Australian Dollar,1984,392094.875,15.423166,6.45838213,1878.158461,3.291033268,1742347.0,0.839384437,32.0,64.6495032958459
595,AUS,Australia,Australian Dollar,1985,405045.4063,15.663663,6.681814671,1869.260236,3.310742855,1795768.875,0.827946663,32.0,64.8588902520601
596,AUS,Australia,Australian Dollar,1986,412788.625,15.917572,6.977031708,1873.874479,3.330570698,1849092.0,0.798709214,32.0,63.1460986455537
597,AUS,Australia,Australian Dollar,1987,445069.2813,16.183168,7.141334534,1871.633417,3.350517273,1923072.625,0.831780732,32.0,66.59742651511263
598,AUS,Australia,Australian Dollar,1988,477367.9688,16.452255,7.412162304,1867.853552,3.370583296,2025909.625,0.834019125,32.0,68.9597259994637
599,AUS,Australia,Australian Dollar,1989,497244.1875,16.713989,7.722003937,1877.780871,3.39076972,2141520.25,0.826407075,32.0,68.58431123521835
600,AUS,Australia,Australian Dollar,1990,491977.8125,16.960597,7.84548378,1863.959761,3.411076784,2247378.75,0.809960604,32.0,67.28515409126783
601,AUS,Australia,Australian Dollar,1991,493066.25,17.18924,7.67402029,1850.484985,3.423622847,2368301.25,0.807902813,32.0,69.44272640395695
602,AUS,Australia,Australian Dollar,1992,512335.6875,17.402173,7.635434628,1846.54406,3.436215162,2515180.25,0.82306242,32.0,72.67602507305452
603,AUS,Australia,Australian Dollar,1993,533360.125,17.603205,7.66720295,1863.784511,3.448853731,2680929.5,0.814883471,32.0,74.64794943292287
604,AUS,Australia,Australian Dollar,1994,561455.5625,17.798529,7.922579765,1869.948752,3.461538792,2862218.75,0.808849216,32.0,75.79648390358193
605,AUS,Australia,Australian Dollar,1995,589598.5,17.993074,8.215477943,1870.329578,3.474270582,3020165.0,0.815469265,32.0,76.74240224173928
606,AUS,Australia,Australian Dollar,1996,620206.875,18.189277,8.321126938,1863.822992,3.487049341,3139764.0,0.829887629,32.0,79.97969796086547
607,AUS,Australia,Australian Dollar,1997,651510.625,18.387214,8.382689476,1861.098508,3.49987483,3236536.75,0.838560164,32.0,83.52159102310418
608,AUS,Australia,Australian Dollar,1998,681906.3125,18.587021,8.528651237,1846.629559,3.512747765,3337077.0,0.833966255,32.0,86.59534928411836
609,AUS,Australia,Australian Dollar,1999,718775.3125,18.788186,8.681078911,1848.475003,3.525667667,3443201.5,0.836777687,32.0,89.58511630773828
610,AUS,Australia,Australian Dollar,2000,729098.9375,18.991431,8.902647018,1847.480068,3.538635492,3387999.25,0.839542627,32.0,88.65792142245242
611,AUS,Australia,Australian Dollar,2001,755777.5625,19.194672,9.01188755,1814.128932,3.527511835,3346541.0,0.865952015,32.0,92.45705939909938
612,AUS,Australia,Australian Dollar,2002,777223.9375,19.401368,9.185278893,1808.12111,3.516423464,3318803.0,0.868460536,32.0,93.59578680836337
613,AUS,Australia,Australian Dollar,2003,813768.9375,19.624166,9.398048401,1801.574336,3.505369663,3457221.75,0.864015341,32.0,96.12608173181017
614,AUS,Australia,Australian Dollar,2004,844186.8125,19.879649,9.560890198,1799.364187,3.494350672,3613358.5,0.855210066,32.0,98.1411530629609
615,AUS,Australia,Australian Dollar,2005,874395.125,20.17854,9.911472321,1797.073602,3.483366489,3796032.0,0.85991174,32.0,98.18240954046782
616,AUS,Australia,Australian Dollar,2006,907270.6875,20.526303,10.164608,1786.906293,3.472416639,3904559.25,0.846996129,32.0,99.90206434373694
617,AUS,Australia,Australian Dollar,2007,938470.75,20.916344,10.48900127,1786.251995,3.46150136,4011202.75,0.837169647,32.0,100.17834947105263
618,AUS,Australia,Australian Dollar,2008,954499.9375,21.332282,10.75775719,1786.47658,3.450620174,4103279.25,0.851524472,32.0,99.33146370186721
619,AUS,Australia,Australian Dollar,2009,970867.5,21.750851,10.85353565,1757.960395,3.43977356,4165241.0,0.855551779,32.0,101.76762402847167
620,AUS,Australia,Australian Dollar,2010,1038249.75,22.154679,11.12126064,1763.322787,3.4289608,4241993.0,0.885239601,32.0,105.88781628041093
621,AUS,Australia,Australian Dollar,2011,1084070.125,22.538001,11.32635593,1765.289547,3.442167044,4348664.0,0.911723435,32.0,108.43792962398895
622,AUS,Australia,Australian Dollar,2012,1097670.75,22.903948,11.44915962,1757.21845,3.455424309,4862428.0,0.857506156,32.0,109.11958924929313
623,AUS,Australia,Australian Dollar,2013,1166544.875,23.254913,11.55393505,1756.28963,3.468732834,5402773.5,0.856461585,32.0,114.97552115452004
624,AUS,Australia,Australian Dollar,2014,1168394.875,23.596424,11.66723919,1746.496239,3.482092381,6004095.5,0.818779051,32.0,114.67899619314657
625,AUS,Australia,Australian Dollar,2015,1151138.75,23.932502,11.90849304,1746.483472,3.495503426,5897907.5,0.781415403,32.0,110.69713529111189
626,AUS,Australia,Australian Dollar,2016,1223294.125,24.262712,12.07155418,1736.081064,3.508966208,6006131.5,0.820893347,32.0,116.74215276901641
627,AUS,Australia,Australian Dollar,2017,1240334.375,24.58462,12.3240881,1736.800304,3.522480726,5693317.5,0.848106623,32.0,115.89483859443087
628,AUS,Australia,Australian Dollar,2018,1283842.625,24.898152,12.61943722,1729.342063,3.536047459,5795476.5,0.858355403,32.0,117.65784614394948
629,AUS,Australia,Australian Dollar,2019,1280843.25,25.203198,12.86317444,1726.797659,3.549666166,5899094.0,0.837902725,32.0,115.32842713999385
870,BEL,Belgium,Euro,1980,243294.2813,9.868995,3.784775257,1698.974144,2.568467617,1001993.375,1.121641874,34.0,75.67196839768484
871,BEL,Belgium,Euro,1981,227759.5938,9.880592,3.717331171,1676.332142,2.587121487,999610.0625,1.066193342,34.0,73.09965875627051
872,BEL,Belgium,Euro,1982,220415.5313,9.889824,3.671145201,1661.973141,2.605910778,989098.8125,1.078576922,34.0,72.25145976412661
873,BEL,Belgium,Euro,1983,213840.4531,9.89788,3.626199007,1667.908141,2.624836922,965413.625,1.041897774,34.0,70.71248482133137
874,BEL,Belgium,Euro,1984,214285.1406,9.906371,3.628385067,1691.877143,2.643900156,952543.25,0.992018998,34.0,69.81357179571287
875,BEL,Belgium,Euro,1985,212411.2031,9.916578,3.648163795,1697.872144,2.663101912,953831.75,0.931943774,34.0,68.584835649448
876,BEL,Belgium,Euro,1986,223275.2344,9.928542,3.674398184,1677.896142,2.681828737,962984.6875,0.941716075,34.0,72.43012861706457
877,BEL,Belgium,Euro,1987,231404.7344,9.942289,3.703564167,1662.919141,2.700686932,982614.3125,0.973737478,34.0,75.1469277577733
878,BEL,Belgium,Euro,1988,248818.6406,9.95902,3.776189327,1650.92914,2.719678164,1024912.875,0.999959528,34.0,79.82349059354198
879,BEL,Belgium,Euro,1989,261833.2656,9.980176,3.822038412,1641.937139,2.738802671,1081578.5,0.994355917,34.0,83.44556205354552
880,BEL,Belgium,Euro,1990,272013.5625,10.006544,3.86115694,1655.92814,2.758061647,1150535.5,0.980540514,34.0,85.08668688329509
881,BEL,Belgium,Euro,1991,277534.5313,10.039445,3.872532845,1618.974137,2.783883095,1221814.875,1.001609564,34.0,88.53439037643588
882,BEL,Belgium,Euro,1992,286644.125,10.078101,3.866686106,1596.001135,2.80994606,1291906.0,0.993504345,34.0,92.89683694645815
883,BEL,Belgium,Euro,1993,287547.5938,10.118674,3.842025042,1552.056131,2.836253166,1357553.75,0.988406479,34.0,96.44331249726098
884,BEL,Belgium,Euro,1994,298298.0,10.155919,3.828232765,1552.056131,2.862806559,1413079.5,1.012565255,34.0,100.40944753291303
885,BEL,Belgium,Euro,1995,307887.6875,10.186305,3.886936665,1578.026133,2.889608622,1461672.25,0.990313709,34.0,100.3923596496509
886,BEL,Belgium,Euro,1996,309153.0625,10.208275,3.897966146,1552.057131,2.906220198,1477641.875,0.971284032,34.0,102.20162055372994
887,BEL,Belgium,Euro,1997,328544.3125,10.223789,3.920959711,1565.044132,2.922927141,1465549.5,1.02373004,34.0,107.07916618865546
888,BEL,Belgium,Euro,1998,341227.5,10.237299,3.986483335,1576.034133,2.939730644,1467955.5,1.041580558,34.0,108.62216334348422
889,BEL,Belgium,Euro,1999,356183.625,10.25516,4.039239883,1575.382133,2.95663023,1498190.875,1.047359347,34.0,111.94852702473857
890,BEL,Belgium,Euro,2000,378521.625,10.282033,4.121242523,1589.102611,2.97362709,1495075.25,1.080879092,33.0,115.5954069030708
891,BEL,Belgium,Euro,2001,380844.0938,10.319019,4.178331852,1581.243159,2.992419004,1511626.75,1.077038884,33.0,115.28575054608758
892,BEL,Belgium,Euro,2002,386985.6875,10.364885,4.187660694,1593.645551,3.011329412,1467405.375,1.109680653,33.0,115.97427826812155
893,BEL,Belgium,Euro,2003,387888.9688,10.419032,4.188035965,1598.219868,3.030359507,1520313.125,1.078434348,33.0,115.90188432092303
894,BEL,Belgium,Euro,2004,398061.0,10.480117,4.235822678,1587.802649,3.049509764,1587220.875,1.050269246,33.0,118.37100421594779
895,BEL,Belgium,Euro,2005,413649.2188,10.546886,4.300207138,1577.676449,3.068781137,1684540.75,1.053731322,33.0,121.94244141572536
896,BEL,Belgium,Euro,2006,430283.4688,10.619475,4.349856853,1591.637664,3.073569298,1895296.75,0.996974468,33.0,124.29838443009133
897,BEL,Belgium,Euro,2007,449795.9063,10.697572,4.422259808,1593.657532,3.078364849,2072113.75,0.978101015,33.0,127.64571510158898
898,BEL,Belgium,Euro,2008,460274.5313,10.778758,4.499446869,1582.505144,3.08316803,2321675.75,0.96809876,33.0,129.2833752372463
899,BEL,Belgium,Euro,2009,458331.5938,10.85994,4.489564419,1563.225214,3.087978601,2542662.5,0.965339243,33.0,130.61228640690996
900,BEL,Belgium,Euro,2010,488960.9688,10.938739,4.49962616,1573.830711,3.092796803,2837390.75,0.930559576,33.0,138.09238805707466
901,BEL,Belgium,Euro,2011,494871.0625,11.013853,4.542050838,1590.234351,3.098995447,2881892.5,0.886553049,33.0,137.02787838329556
902,BEL,Belgium,Euro,2012,500611.4688,11.085358,4.562634468,1587.295075,3.10520649,3198966.0,0.859170973,33.0,138.24755040448795
903,BEL,Belgium,Euro,2013,501871.7188,11.154009,4.555912018,1585.595087,3.11142993,3244034.25,0.862191737,33.0,138.9488954811722
904,BEL,Belgium,Euro,2014,508746.4063,11.221231,4.581183434,1581.595989,3.117666006,3208622.25,0.852551639,33.0,140.42942371080665
905,BEL,Belgium,Euro,2015,531206.875,11.28794,4.622033596,1575.456869,3.12391448,3290149.75,0.864529908,33.0,145.89958844502436
906,BEL,Belgium,Euro,2016,549813.1875,11.35442,4.683881283,1574.154172,3.130175591,3400537.75,0.866923451,33.0,149.13926702547056
907,BEL,Belgium,Euro,2017,568297.125,11.419748,4.769101143,1577.917666,3.136449099,3383567.25,0.867338717,33.0,151.0374285801737
908,BEL,Belgium,Euro,2018,575549.9375,11.482178,4.839399815,1583.263997,3.142735243,3436159.5,0.831604064,33.0,150.23397804237942
909,BEL,Belgium,Euro,2019,589449.125,11.539328,4.921936512,1586.430997,3.149034023,3496175.0,0.828750432,33.0,150.97989836723886
2130,CAN,Canada,Canadian Dollar,1980,676189.875,24.416886,11.08069038,1827.0,3.085585833,2271029.0,1.010700107,25.0,66.8025886410183
2131,CAN,Canada,Canadian Dollar,1981,693843.625,24.668167,11.38222408,1812.0,3.105498791,2414187.25,1.007477641,25.0,67.28314346042019
2132,CAN,Canada,Canadian Dollar,1982,665228.4375,24.916542,10.98460388,1788.362954,3.125540495,2556888.25,1.010983825,25.0,67.7268281684073
2133,CAN,Canada,Canadian Dollar,1983,690259.6875,25.171436,11.07682419,1780.215809,3.145711184,2695725.5,1.001345992,25.0,70.00911538048017
2134,CAN,Canada,Canadian Dollar,1984,736258.4375,25.444884,11.36948204,1791.11595,3.166012049,2851516.75,1.000231981,25.0,72.30959002284112
2135,CAN,Canada,Canadian Dollar,1985,777071.5,25.74481,11.79550362,1794.90562,3.186444044,3002236.25,0.980763257,25.0,73.40622170590996
2136,CAN,Canada,Canadian Dollar,1986,791508.25,26.075498,12.16876316,1798.518926,3.207007885,3127815.5,0.940176547,25.0,72.33092028243976
2137,CAN,Canada,Canadian Dollar,1987,837235.8125,26.432893,12.54377174,1807.027402,3.227704287,3279011.75,0.960257769,25.0,73.87285975823652
2138,CAN,Canada,Canadian Dollar,1988,886933.375,26.806125,12.97882366,1807.814587,3.248534441,3464695.0,0.955670953,25.0,75.60173721722249
2139,CAN,Canada,Canadian Dollar,1989,918179.9375,27.179502,13.23695564,1802.820481,3.269499063,3662761.25,0.967515707,25.0,76.95151916898183
2140,CAN,Canada,Canadian Dollar,1990,915724.6875,27.541319,13.29020023,1795.29276,3.290598869,3838143.5,0.950388491,25.0,76.75878907898704
2141,CAN,Canada,Canadian Dollar,1991,893206.4375,27.88881,13.05843639,1774.18933,3.311350822,3997931.5,0.932783782,25.0,77.10644833455667
2142,CAN,Canada,Canadian Dollar,1992,901133.75,28.224409,12.93048096,1772.386979,3.332233429,4140323.75,0.927606106,25.0,78.64045567254814
2143,CAN,Canada,Canadian Dollar,1993,928149.25,28.547967,13.03462696,1771.122321,3.353247881,4268425.5,0.911610961,25.0,80.40825750618674
2144,CAN,Canada,Canadian Dollar,1994,979112.6875,28.860734,13.29109287,1784.990535,3.374394894,4399555.0,0.909741461,25.0,82.54030393712524
2145,CAN,Canada,Canadian Dollar,1995,1023227.563,29.164152,13.50254726,1785.016344,3.395674944,4501595.5,0.920144379,25.0,84.90716162709163
2146,CAN,Canada,Canadian Dollar,1996,1053691.25,29.457817,13.63617706,1798.80713,3.417089462,4590814.0,0.903633833,25.0,85.91443477249413
2147,CAN,Canada,Canadian Dollar,1997,1106804.875,29.742382,13.89970207,1796.677861,3.438639164,4613069.0,0.914398551,25.0,88.63910271194702
2148,CAN,Canada,Canadian Dollar,1998,1136820.125,30.022073,14.22367668,1792.643002,3.460324526,4638984.5,0.900367439,25.0,89.16944572555084
2149,CAN,Canada,Canadian Dollar,1999,1208894.125,30.302515,14.61546135,1791.860119,3.48214674,4659037.5,0.918437183,25.0,92.32124026713707
2150,CAN,Canada,Canadian Dollar,2000,1276875.5,30.588383,14.95276642,1786.186367,3.50410676,4508144.0,0.956984222,24.0,95.61592487203909
2151,CAN,Canada,Canadian Dollar,2001,1272416.75,30.880073,15.07483196,1773.040815,3.51891613,4378532.0,0.95309633,24.0,95.21122663634296
2152,CAN,Canada,Canadian Dollar,2002,1278943.0,31.178263,15.42729092,1754.363462,3.533787727,4248475.5,0.951816022,24.0,94.50873319281907
2153,CAN,Canada,Canadian Dollar,2003,1320633.5,31.488048,15.77074623,1743.803145,3.548722506,4373955.5,0.947240233,24.0,96.0423117981048
2154,CAN,Canada,Canadian Dollar,2004,1377227.5,31.815494,16.04599953,1753.799959,3.563720465,4522782.0,0.944645703,24.0,97.87884837767233
2155,CAN,Canada,Canadian Dollar,2005,1436814.125,32.164309,16.31370163,1744.018222,3.578781605,4703907.5,0.965869725,24.0,101.00132035679295
2156,CAN,Canada,Canadian Dollar,2006,1459523.25,32.536987,16.59420013,1743.54075,3.593906403,4961967.5,0.940164685,24.0,100.89103740478058
2157,CAN,Canada,Canadian Dollar,2007,1483753.5,32.930794,16.98324203,1742.925627,3.609095335,5201214.5,0.924906731,24.0,100.25182738958149
2158,CAN,Canada,Canadian Dollar,2008,1500647.875,33.337638,17.25827026,1740.30598,3.624348402,5423415.0,0.93222928,24.0,99.92770542424445
2159,CAN,Canada,Canadian Dollar,2009,1408601.375,33.746093,16.97176743,1710.836026,3.639665604,5772218.5,0.852244735,24.0,97.02477514878379
2160,CAN,Canada,Canadian Dollar,2010,1483011.5,34.147564,17.29539871,1714.208445,3.655047894,6160862.0,0.847638547,24.0,100.04152558522492
2161,CAN,Canada,Canadian Dollar,2011,1552403.5,34.539159,17.59488678,1712.651282,3.662325144,6584164.0,0.867143452,24.0,103.03367448540425
2162,CAN,Canada,Canadian Dollar,2012,1575739.75,34.92203,17.79371452,1720.630667,3.669616699,7023821.5,0.840551078,24.0,102.93432212051009
2163,CAN,Canada,Canadian Dollar,2013,1647212.125,35.296528,18.03874588,1714.935408,3.676922798,7443675.0,0.851234317,24.0,106.49406830341754
2164,CAN,Canada,Canadian Dollar,2014,1685110.5,35.664337,18.1487484,1709.601479,3.684243441,7889559.0,0.862394214,24.0,108.62175503444769
2165,CAN,Canada,Canadian Dollar,2015,1659691.75,36.026676,18.35583687,1710.780106,3.691578627,8333818.5,0.815757751,24.0,105.70342269693113
2166,CAN,Canada,Canadian Dollar,2016,1683513.5,36.382944,18.54110527,1705.192385,3.698928595,8527152.0,0.815428317,24.0,106.49705414993478
2167,CAN,Canada,Canadian Dollar,2017,1771272.75,36.732095,18.85181427,1693.784661,3.706293106,8399451.0,0.846453071,24.0,110.94406873127673
2168,CAN,Canada,Canadian Dollar,2018,1815590.75,37.074562,18.96622849,1707.05926,3.713672161,8555011.0,0.843683541,24.0,112.1549332063773
2169,CAN,Canada,Canadian Dollar,2019,1846581.125,37.411047,19.29866219,1689.280933,3.721065998,8721109.0,0.838875294,24.0,113.28418991108076
2200,CHE,Switzerland,Swiss Franc,1980,219901.7031,6.283832,3.211817503,1821.839598,3.326686621,1125333.625,0.974270999,28.0,75.1618724444551
2201,CHE,Switzerland,Swiss Franc,1981,220246.4688,6.295925,3.272851944,1802.523121,3.340091944,1171371.0,0.942407429,28.0,74.6675233341426
2202,CHE,Switzerland,Swiss Franc,1982,222061.875,6.321409,3.280789614,1791.421135,3.353551388,1193226.5,0.953052521,28.0,75.56625910235665
2203,CHE,Switzerland,Swiss Franc,1983,224391.2969,6.356745,3.282408953,1776.66792,3.367064714,1212381.0,0.957221806,28.0,76.95503766844787
2204,CHE,Switzerland,Swiss Franc,1984,228494.0781,6.396134,3.320336342,1757.570587,3.380632639,1235379.375,0.914388478,28.0,78.30871357769388
2205,CHE,Switzerland,Swiss Franc,1985,232952.1563,6.435424,3.390088797,1751.328827,3.3942554,1261130.125,0.862875223,28.0,78.4725852189975
2206,CHE,Switzerland,Swiss Franc,1986,246104.2031,6.473044,3.466601133,1742.752082,3.407932997,1286020.875,0.858027935,28.0,81.47221836972886
2207,CHE,Switzerland,Swiss Franc,1987,250827.2813,6.510597,3.547481537,1741.482459,3.421665668,1312883.625,0.840604901,28.0,81.20177419053618
2208,CHE,Switzerland,Swiss Franc,1988,256951.0625,6.550725,3.632669687,1740.954956,3.435453415,1349561.25,0.825539291,28.0,81.25815717265719
2209,CHE,Switzerland,Swiss Franc,1989,270163.5313,6.59737,3.723863363,1725.789018,3.44929719,1388953.0,0.834794939,28.0,84.07662725411264
2210,CHE,Switzerland,Swiss Franc,1990,283661.9688,6.652868,3.832724094,1716.220875,3.463196516,1428866.5,0.850484073,28.0,86.24826581514402
2211,CHE,Switzerland,Swiss Franc,1991,280598.375,6.718828,3.892463207,1713.775239,3.469666958,1463946.75,0.843402684,28.0,84.12726446897462
2212,CHE,Switzerland,Swiss Franc,1992,279405.2813,6.792906,3.856037855,1723.190162,3.476149559,1486963.75,0.824082375,28.0,84.09886048550266
2213,CHE,Switzerland,Swiss Franc,1993,282406.4063,6.868931,3.835206032,1719.490331,3.482644081,1506243.75,0.832326651,28.0,85.6477783642305
2214,CHE,Switzerland,Swiss Franc,1994,290284.0313,6.938415,3.821989059,1741.311339,3.489151001,1524121.25,0.84494096,28.0,87.23429866021591
2215,CHE,Switzerland,Swiss Franc,1995,294880.9063,6.995521,3.821544647,1720.266219,3.495669842,1544828.375,0.855506003,28.0,89.71024636921491
2216,CHE,Switzerland,Swiss Franc,1996,300689.8125,7.038033,3.817150354,1696.871943,3.502200842,1608708.5,0.844734311,28.0,92.84539630476014
2217,CHE,Switzerland,Swiss Franc,1997,316279.1563,7.068508,3.818881989,1687.45361,3.50874424,1572668.25,0.878760755,28.0,98.15953374330492
2218,CHE,Switzerland,Swiss Franc,1998,331690.2188,7.09177,3.87078476,1695.534485,3.515299797,1589682.625,0.881261289,28.0,101.07808628164754
2219,CHE,Switzerland,Swiss Franc,1999,339004.0313,7.115027,3.896463633,1717.400976,3.521867752,1574604.0,0.884703875,28.0,101.31938052224278
2220,CHE,Switzerland,Swiss Franc,2000,345696.2813,7.143761,3.928282261,1712.743082,3.528447628,1508754.875,0.901032448,33.0,102.76134871141484
2221,CHE,Switzerland,Swiss Franc,2001,345013.2188,7.179169,3.988105297,1672.850717,3.538948298,1455082.75,0.911134243,33.0,103.42890512874209
2222,CHE,Switzerland,Swiss Franc,2002,340602.5625,7.220377,4.009218216,1651.258284,3.549480438,1393406.75,0.932413042,33.0,102.89711596465408
2223,CHE,Switzerland,Swiss Franc,2003,339838.5313,7.268359,3.991737843,1664.540532,3.560043573,1386938.25,0.908696711,33.0,102.29307351916496
2224,CHE,Switzerland,Swiss Franc,2004,348590.1563,7.323737,4.005636215,1694.953288,3.570638418,1349725.5,0.924224734,33.0,102.68709693238182
2225,CHE,Switzerland,Swiss Franc,2005,368297.1563,7.386816,4.043704987,1689.970227,3.581264734,1523704.875,0.909977317,33.0,107.78785863392089
2226,CHE,Switzerland,Swiss Franc,2006,402434.6563,7.457958,4.145472527,1679.238382,3.59192276,1829122.875,0.898771226,33.0,115.62160019725093
2227,CHE,Switzerland,Swiss Franc,2007,443562.375,7.536982,4.259325981,1668.870029,3.602612495,2030339.875,0.937361956,33.0,124.8019298833825
2228,CHE,Switzerland,Swiss Franc,2008,462421.5313,7.622821,4.355261326,1659.458979,3.613333702,2200972.25,0.942884922,33.0,127.96385146552076
2229,CHE,Switzerland,Swiss Franc,2009,460229.5313,7.713898,4.372973442,1650.77879,3.624087095,2436028.5,0.883737266,33.0,127.50838880033687
2230,CHE,Switzerland,Swiss Franc,2010,473344.7813,7.808675,4.389478683,1624.346382,3.634872437,2323142.75,0.913617253,33.0,132.7749049749998
2231,CHE,Switzerland,Swiss Franc,2011,507804.875,7.906992,4.5093894,1619.316913,3.642344713,2663062.25,0.919771254,33.0,139.0840312754756
2232,CHE,Switzerland,Swiss Franc,2012,524904.4375,8.008012,4.597781658,1603.231369,3.649832249,2795723.0,0.942204297,33.0,142.41826634551143
2233,CHE,Switzerland,Swiss Franc,2013,524604.4375,8.108878,4.660590172,1582.892371,3.657335281,2615295.25,0.970143259,33.0,142.2229408262299
2234,CHE,Switzerland,Swiss Franc,2014,537446.5,8.206002,4.746589661,1575.321497,3.664853811,2807961.25,0.94056958,33.0,143.75214914184312
2235,CHE,Switzerland,Swiss Franc,2015,560735.3125,8.296775,4.816497326,1589.475082,3.6723876,2960074.25,0.928475022,33.0,146.48827166520445
2236,CHE,Switzerland,Swiss Franc,2016,571575.125,8.379917,4.878805637,1590.226662,3.679936886,3064897.25,0.929720879,33.0,147.34342746839567
2237,CHE,Switzerland,Swiss Franc,2017,592403.5,8.455804,4.921966553,1569.530866,3.687501907,3143936.75,0.930340409,33.0,153.36953201731023
2238,CHE,Switzerland,Swiss Franc,2018,610572.75,8.525611,4.971501827,1561.182797,3.695082426,3187964.75,0.925633371,33.0,157.3352566828656
2239,CHE,Switzerland,Swiss Franc,2019,617131.8125,8.591365,5.01120472,1556.882844,3.702678442,3225664.0,0.924899161,33.0,158.20122862608284
3250,DEU,Germany,Euro,1980,1736296.875,78.2831,38.70497131,1756.723747,3.17852354,7856397.5,0.780851603,29.0,51.07210490009316
3251,DEU,Germany,Euro,1981,1676249.75,78.107857,38.62104797,1734.651833,3.202843189,7978559.0,0.757205307,29.0,50.04173380202039
3252,DEU,Germany,Euro,1982,1643902.125,77.926011,38.30965424,1723.615875,3.227349043,7945443.0,0.759477258,29.0,49.79173215628363
3253,DEU,Germany,Euro,1983,1651924.5,77.770213,38.03018951,1710.57338,3.252042294,7852832.5,0.750750184,29.0,50.786699633512185
3254,DEU,Germany,Euro,1984,1662089.875,77.682295,38.22592163,1699.537423,3.276924372,7810456.5,0.737452865,29.0,51.1676890107016
3255,DEU,Germany,Euro,1985,1672687.25,77.691595,38.57288742,1676.46224,3.301996708,7886088.0,0.725693285,29.0,51.733137294183635
3256,DEU,Germany,Euro,1986,1788948.125,77.806147,39.01647949,1657.400132,3.327261209,8074205.0,0.749567032,29.0,55.32893286670616
3257,DEU,Germany,Euro,1987,1856395.625,78.015731,39.35573959,1634.324948,3.35271883,8340673.0,0.761586905,29.0,57.7236843767349
3258,DEU,Germany,Euro,1988,1955972.75,78.307525,39.59831619,1629.308604,3.378371477,8712518.0,0.773582757,29.0,60.6335122200431
3259,DEU,Germany,Euro,1989,2055192.75,78.660303,39.83166885,1606.233421,3.404220104,9188050.0,0.789669037,29.0,64.24589656367661
3260,DEU,Germany,Euro,1990,2204488.5,79.053984,39.54772949,1583.158237,3.430266619,9745840.0,0.822369277,35.0,70.4193405156102
3261,DEU,Germany,Euro,1991,2341495.25,79.490835,38.64250183,1554.063441,3.443635225,10379337.0,0.878942132,35.0,77.98108916790395
3262,DEU,Germany,Euro,1992,2434018.75,79.963159,38.07052231,1565.093848,3.457055569,11035179.0,0.861697555,35.0,81.70049645860705
3263,DEU,Germany,Euro,1993,2448337.5,80.428556,37.5483284,1540.184349,3.470528126,11610346.0,0.867919981,35.0,84.67163903260426
3264,DEU,Germany,Euro,1994,2548591.75,80.832937,37.62234116,1536.576995,3.484053373,12114487.0,0.880069792,35.0,88.17188478266505
3265,DEU,Germany,Euro,1995,2633828.75,81.138659,37.81583023,1530.571474,3.49763155,12463160.0,0.89992702,35.0,91.01024324992132
3266,DEU,Germany,Euro,1996,2666704.25,81.323664,37.80739975,1516.751189,3.511262178,12701742.0,0.897642374,35.0,93.00658437726486
3267,DEU,Germany,Euro,1997,2772802.25,81.399251,37.77033234,1507.67613,3.524946213,12565176.0,0.927176714,35.0,97.38454248102532
3268,DEU,Germany,Euro,1998,2898376.0,81.402673,38.21792984,1504.559034,3.538683653,12452535.0,0.947336018,35.0,100.811094295816
3269,DEU,Germany,Euro,1999,3013046.25,81.389927,38.80725479,1491.513292,3.552474499,12308311.0,0.968127191,35.0,104.1107904263099
3270,DEU,Germany,Euro,2000,3030253.0,81.400882,39.60311508,1465.937805,3.566318989,12156833.0,0.982710242,42.5,104.39122472168953
3271,DEU,Germany,Euro,2001,3063525.5,81.453885,39.4514389,1458.165032,3.574926376,11975420.0,1.004667878,42.5,106.50793591489433
3272,DEU,Germany,Euro,2002,3037455.75,81.535122,39.23355103,1448.923511,3.583554506,11717646.0,1.008715272,42.5,106.86534151086647
3273,DEU,Germany,Euro,2003,3049400.75,81.61438,38.8254509,1443.408008,3.592203379,12008162.0,0.998963475,42.5,108.8275569538122
3274,DEU,Germany,Euro,2004,3112337.5,81.646474,38.97291565,1442.584218,3.600873232,12275993.0,0.990252435,42.5,110.71656594476352
3275,DEU,Germany,Euro,2005,3139704.0,81.602741,38.92366791,1432.423495,3.609564066,12559612.0,1.004134417,42.5,112.6246637987025
3276,DEU,Germany,Euro,2006,3276067.25,81.472226,39.18634415,1453.188534,3.618275642,13519404.0,0.987837911,42.5,115.06045658503257
3277,DEU,Germany,Euro,2007,3436286.25,81.27783,39.81446075,1454.087207,3.627008438,14432730.0,0.999210835,42.5,118.71020048533587
3278,DEU,Germany,Euro,2008,3500104.25,81.065752,40.34532547,1447.328469,3.635762215,15340329.0,0.981952727,42.5,119.88108018748576
3279,DEU,Germany,Euro,2009,3354149.5,80.899961,40.42920685,1405.055864,3.64453721,15955056.0,0.939884007,42.5,118.09284854564005
3280,DEU,Germany,Euro,2010,3531823.75,80.827002,40.63188171,1425.745469,3.653333187,16566225.0,0.923522651,42.5,121.93266971645951
3281,DEU,Germany,Euro,2011,3695614.5,80.855632,41.22457886,1426.896784,3.655776262,17233948.0,0.936757207,42.5,125.65155606948079
3282,DEU,Germany,Euro,2012,3725440.5,80.972628,41.677948,1407.982103,3.65822053,18135912.0,0.91449672,42.5,126.97089014266373
3283,DEU,Germany,Euro,2013,3710598.75,81.174367,41.99615097,1396.458087,3.660666704,18967338.0,0.907239616,42.5,126.54255410729368
3284,DEU,Germany,Euro,2014,3812503.25,81.450378,42.33126068,1400.411975,3.663114548,19777244.0,0.908670664,42.5,128.62435202915003
3285,DEU,Germany,Euro,2015,3915258.25,81.787411,42.53557968,1400.793099,3.66556406,19994848.0,0.90785712,42.5,131.420785819279
3286,DEU,Germany,Euro,2016,4039048.75,82.193768,42.92736053,1394.754324,3.668015003,20227082.0,0.929129481,42.5,134.92026586095923
3287,DEU,Germany,Euro,2017,4237502.5,82.658409,43.59321976,1391.339722,3.670467615,20453238.0,0.942791879,42.5,139.72941218807134
3288,DEU,Germany,Euro,2018,4275108.5,83.124418,44.30603027,1389.931779,3.672922134,20650968.0,0.923511028,42.5,138.84198450798536
3289,DEU,Germany,Euro,2019,4308861.5,83.517045,44.79519653,1386.196834,3.675377846,20907856.0,0.908784688,42.5,138.78297134521307
3460,DNK,Denmark,Danish Krone,1980,128332.9844,5.123945,2.515690804,1577.43595,2.942993164,525133.1875,0.953665674,30.0,64.67840376394848
3461,DNK,Denmark,Danish Krone,1981,122882.2578,5.125298,2.477561235,1546.395854,2.958743095,517731.3125,0.933002532,30.0,64.14666823463703
3462,DNK,Denmark,Danish Krone,1982,124273.9297,5.123349,2.489611387,1552.843276,2.97457695,506575.8438,0.964781106,30.0,64.29109750657018
3463,DNK,Denmark,Danish Krone,1983,125340.2578,5.119607,2.491283894,1545.957729,2.990495682,493072.2813,0.96172303,30.0,65.08782272949988
3464,DNK,Denmark,Danish Krone,1984,128690.7344,5.116058,2.526872396,1540.836859,3.006499529,487195.125,0.948550463,30.0,66.10545593897159
3465,DNK,Denmark,Danish Krone,1985,131898.7969,5.114243,2.583688974,1527.466411,3.022589207,493900.8125,0.941253543,30.0,66.84346108734765
3466,DNK,Denmark,Danish Krone,1986,140598.2969,5.114657,2.643522263,1530.951121,3.038764954,512421.125,0.953399181,30.0,69.48095167285518
3467,DNK,Denmark,Danish Krone,1987,140952.3438,5.117277,2.661460638,1493.026518,3.055027246,533565.1875,0.954360127,30.0,70.94384598567628
3468,DNK,Denmark,Danish Krone,1988,140161.9844,5.122441,2.650039673,1471.169688,3.071376324,555681.75,0.933926165,30.0,71.90268189769526
3469,DNK,Denmark,Danish Krone,1989,141690.7656,5.130361,2.644069672,1454.950439,3.087813139,581646.5,0.922982574,30.0,73.6631774164888
3470,DNK,Denmark,Danish Krone,1990,144018.2031,5.141115,2.634172201,1440.499755,3.104337931,607417.0,0.909476995,35.0,75.9084341184206
3471,DNK,Denmark,Danish Krone,1991,145078.0,5.154908,2.608841419,1437.311293,3.12348175,633288.4375,0.912007868,35.0,77.38076819043981
3472,DNK,Denmark,Danish Krone,1992,148961.375,5.17165,2.587602615,1452.366597,3.142743587,658559.5625,0.893666267,35.0,79.27382885554587
3473,DNK,Denmark,Danish Krone,1993,147226.0156,5.190742,2.546309471,1448.919176,3.162124395,681361.125,0.875451386,35.0,79.81034881392648
3474,DNK,Denmark,Danish Krone,1994,155286.2188,5.211334,2.598382235,1406.661864,3.181624651,704645.9375,0.9119367,35.0,84.97088839394627
3475,DNK,Denmark,Danish Krone,1995,160962.2188,5.232704,2.611678839,1419.143422,3.201244831,727402.75,0.907240391,35.0,86.85761238362556
3476,DNK,Denmark,Danish Krone,1996,166949.8125,5.25486,2.633845329,1412.263976,3.220986605,744687.25,0.911955237,35.0,89.76556780636453
3477,DNK,Denmark,Danish Krone,1997,179926.8125,5.277711,2.670728207,1428.089455,3.240849733,748868.0,0.935154796,35.0,94.34975490610965
3478,DNK,Denmark,Danish Krone,1998,189113.8438,5.300379,2.71014905,1441.134979,3.260835648,750533.8125,0.95293504,35.0,96.8401562980939
3479,DNK,Denmark,Danish Krone,1999,194274.25,5.321774,2.734749556,1456.497256,3.280944347,746679.25,0.960029304,35.0,97.5479182039212
3480,DNK,Denmark,Danish Krone,2000,203091.5156,5.341194,2.755956173,1465.937245,3.301177502,739702.9375,0.989017248,37.0,100.53889097886038
3481,DNK,Denmark,Danish Krone,2001,202237.5,5.358062,2.782087803,1468.677111,3.314718723,755563.75,0.977894366,37.0,98.99072953163282
3482,DNK,Denmark,Danish Krone,2002,203092.8438,5.372801,2.782571077,1462.584584,3.328315735,747043.4375,0.981122315,37.0,99.80616269528319
3483,DNK,Denmark,Danish Krone,2003,200462.125,5.386968,2.756796837,1457.829011,3.341968536,769985.9375,0.962640524,37.0,99.75874458796955
3484,DNK,Denmark,Danish Krone,2004,211404.4063,5.402761,2.743247509,1458.075543,3.355677128,802785.1875,0.965171814,37.0,105.70584732556266
3485,DNK,Denmark,Danish Krone,2005,218735.0313,5.421702,2.784317493,1451.363917,3.369441986,822609.3125,0.99373138,37.0,108.25632019905471
3486,DNK,Denmark,Danish Krone,2006,235276.7656,5.444286,2.849603176,1455.701807,3.383263588,908983.875,0.987383008,37.0,113.436346257701
3487,DNK,Denmark,Danish Krone,2007,245662.4688,5.469921,2.91692543,1432.769768,3.397141695,950982.5,0.990799069,37.0,117.56202869293134
3488,DNK,Denmark,Danish Krone,2008,255655.2031,5.497729,2.949064732,1430.0546,3.411076784,1084136.75,0.971123576,37.0,121.2404966824035
3489,DNK,Denmark,Danish Krone,2009,247067.875,5.526388,2.856043816,1417.028395,3.425069094,1166382.375,0.944286406,37.0,122.09639938192463
3490,DNK,Denmark,Danish Krone,2010,260929.9688,5.554844,2.7914505,1422.306357,3.439118624,1285956.375,0.941895247,37.0,131.4410064480009
3491,DNK,Denmark,Danish Krone,2011,263191.8125,5.582978,2.792827845,1436.980152,3.45655489,1398277.625,0.921897769,37.0,131.16182026361906
3492,DNK,Denmark,Danish Krone,2012,266211.0313,5.610903,2.776367188,1423.347827,3.47407937,1392568.875,0.918594003,37.0,134.7311751381322
3493,DNK,Denmark,Danish Krone,2013,265918.125,5.638145,2.777828932,1425.635121,3.49169302,1418508.375,0.892187357,37.0,134.29630162017716
3494,DNK,Denmark,Danish Krone,2014,267352.7813,5.664196,2.800747633,1413.808229,3.509395599,1422894.875,0.881719828,37.0,135.03620350133897
3495,DNK,Denmark,Danish Krone,2015,278112.5313,5.688695,2.831585884,1407.148109,3.527188301,1417751.25,0.8887375,37.0,139.5985809344414
3496,DNK,Denmark,Danish Krone,2016,289480.4063,5.711349,2.868074894,1412.045751,3.545071125,1506761.125,0.885549426,37.0,142.95847706784457
3497,DNK,Denmark,Danish Krone,2017,308119.1563,5.732274,2.905315161,1405.404018,3.56304431,1549657.75,0.90618664,37.0,150.92259168170426
3498,DNK,Denmark,Danish Krone,2018,313491.6875,5.752126,2.942090034,1381.929451,3.581108809,1568493.375,0.896555662,37.0,154.2105883116807
3499,DNK,Denmark,Danish Krone,2019,322637.5,5.771876,2.971836567,1380.607643,3.59926486,1594880.0,0.914099216,37.0,157.2713605988462
3810,ESP,Spain,Euro,1980,602525.8125,37.698196,12.72400379,1918.122439,2.206050396,2769141.25,1.023978114,30.0,49.37482131848443
3811,ESP,Spain,Euro,1981,565128.0625,37.971972,12.42212296,1884.020431,2.227530479,2753232.0,0.990363836,30.0,48.29425126202325
3812,ESP,Spain,Euro,1982,549339.4375,38.209693,12.31682301,1862.925426,2.249219418,2620543.0,0.993520081,30.0,47.88247639107785
3813,ESP,Spain,Euro,1983,534813.3125,38.413317,12.27441216,1830.757419,2.271119595,2439239.5,0.977392673,30.0,47.59931466047668
3814,ESP,Spain,Euro,1984,528418.8125,38.586708,11.99796486,1786.692409,2.293233156,2319301.0,0.974628985,30.0,49.300450581895234
3815,ESP,Spain,Euro,1985,525050.875,38.733876,11.86697769,1776.700407,2.315562248,2301426.0,0.963946283,30.0,49.80547134716006
3816,ESP,Spain,Euro,1986,562181.3125,38.855626,12.12577915,1768.667405,2.338108301,2393901.75,0.980237007,30.0,52.426464915972005
3817,ESP,Spain,Euro,1987,605044.625,38.954497,12.68238735,1760.649403,2.360873938,2528084.5,0.992605329,30.0,54.19303898187505
3818,ESP,Spain,Euro,1988,650909.4375,39.038692,13.09670353,1756.578402,2.383861542,2713242.75,0.992995381,30.0,56.587567946614485
3819,ESP,Spain,Euro,1989,697466.75,39.118561,13.54313278,1744.560399,2.407072783,2948323.5,0.994719446,30.0,59.04027312266322
3820,ESP,Spain,Euro,1990,743109.0,39.202525,14.0393343,1746.5284,2.430510044,3213968.5,0.965199709,35.0,60.61224212308323
3821,ESP,Spain,Euro,1991,780749.5625,39.299081,14.20646191,1755.529402,2.453719139,3508812.75,0.966209114,35.0,62.61057704364635
3822,ESP,Spain,Euro,1992,804328.6875,39.410857,13.98004818,1747.5654,2.477149487,3803492.25,0.926776469,35.0,65.84479481828777
3823,ESP,Spain,Euro,1993,803870.4375,39.533725,13.55533695,1739.552398,2.500803947,4073142.25,0.923299372,35.0,68.18176209550532
3824,ESP,Spain,Euro,1994,838909.375,39.660069,13.47014523,1738.507398,2.524683952,4319846.5,0.93819952,35.0,71.64670499784958
3825,ESP,Spain,Euro,1995,886382.6875,39.787419,13.70997715,1738.796398,2.548792124,4531792.5,0.95152247,35.0,74.3645232158888
3826,ESP,Spain,Euro,1996,918279.0625,39.908959,13.89273071,1740.339289,2.568826914,4686828.0,0.945912778,35.0,75.95968157332368
3827,ESP,Spain,Euro,1997,987392.375,40.035293,14.39737415,1742.636772,2.58531642,4680910.0,0.993497074,35.0,78.70994334815342
3828,ESP,Spain,Euro,1998,1068754.5,40.20156,15.02806759,1751.105871,2.601911545,4716384.0,1.012385964,35.0,81.22550277028051
3829,ESP,Spain,Euro,1999,1112636.5,40.45447,15.74697208,1756.273734,2.618613243,4747445.0,1.004116416,35.0,80.4625949774825
3830,ESP,Spain,Euro,2000,1169120.625,40.824754,16.6057415,1752.820758,2.635422468,4705187.5,1.023198366,36.0,80.33291699240431
3831,ESP,Spain,Euro,2001,1209440.75,41.319427,17.22849846,1762.069783,2.6517241,4489377.5,1.046232462,36.0,79.67903411589248
3832,ESP,Spain,Euro,2002,1256686.5,41.919585,17.66099167,1763.647418,2.668126583,4577712.0,1.054980397,36.0,80.691928078268
3833,ESP,Spain,Euro,2003,1286783.375,42.596453,18.18919182,1754.63317,2.684630632,4862987.0,1.005769253,36.0,80.63724821575174
3834,ESP,Spain,Euro,2004,1352148.0,43.308345,18.84275627,1739.9012,2.701236725,5375242.0,0.962899864,36.0,82.48694276853416
3835,ESP,Spain,Euro,2005,1442448.625,44.019123,19.62548447,1723.719169,2.717945814,5863370.5,0.976760983,36.0,85.27926565237985
3836,ESP,Spain,Euro,2006,1591544.375,44.728565,20.41145515,1713.740634,2.734758139,7409383.5,0.952348113,36.0,90.9975472183336
3837,ESP,Spain,Euro,2007,1710028.75,45.429076,21.00640869,1701.307798,2.751674175,9000325.0,0.918954372,36.0,95.69708398806574
3838,ESP,Spain,Euro,2008,1737033.875,46.068811,20.98794937,1710.126202,2.768695116,9543972.0,0.893962264,36.0,96.79214506861793
3839,ESP,Spain,Euro,2009,1679792.875,46.583565,19.70190811,1715.804559,2.785821199,9909416.0,0.878805935,36.0,99.38243283627976
3840,ESP,Spain,Euro,2010,1660598.375,46.931015,19.4127388,1705.775535,2.803053141,10397201.0,0.830945551,36.0,100.29653093878468
3841,ESP,Spain,Euro,2011,1648634.0,47.08424,18.91444397,1710.691659,2.82275176,10458074.0,0.816659391,36.0,101.90346022285632
3842,ESP,Spain,Euro,2012,1627157.25,47.06306,18.13566399,1696.726618,2.842588425,10755960.0,0.806235135,36.0,105.75823334078275
3843,ESP,Spain,Euro,2013,1606687.625,46.930555,17.70120049,1689.82441,2.862564802,10506893.0,0.807048023,36.0,107.42791427500197
3844,ESP,Spain,Euro,2014,1609758.125,46.777925,17.88025284,1690.563997,2.88268137,10877926.0,0.788446546,36.0,106.50876523637673
3845,ESP,Spain,Euro,2015,1705106.375,46.671926,18.35293007,1694.237188,2.902939558,10962670.0,0.823500693,36.0,109.67353801547685
3846,ESP,Spain,Euro,2016,1779649.0,46.63414,18.71360588,1701.450062,2.923339844,11464665.0,0.830116391,36.0,111.78606400088357
3847,ESP,Spain,Euro,2017,1853309.375,46.647428,19.1719799,1689.47622,2.943883657,11452466.0,0.849668622,36.0,114.43499895731817
3848,ESP,Spain,Euro,2018,1898860.625,46.692858,19.52936554,1695.501017,2.964571714,11607001.0,0.841169119,36.0,114.69299552109626
3849,ESP,Spain,Euro,2019,1932678.625,46.736776,19.87201309,1685.951506,2.985405207,11827519.0,0.838133276,36.0,115.37260427789971
4160,FRA,France,Euro,1980,1376370.0,55.161527,22.66217041,1806.133784,2.586520672,6408260.5,1.089476466,30.0,67.2533274399663
4161,FRA,France,Euro,1981,1334463.0,55.430296,22.63077736,1785.587187,2.607220411,6402046.0,1.058657408,30.0,66.04744159981661
4162,FRA,France,Euro,1982,1334384.25,55.718933,22.68593025,1714.378401,2.628085852,6251101.5,1.104847789,30.0,68.61951180729426
4163,FRA,France,Euro,1983,1321127.625,56.02377,22.69038391,1696.302622,2.649118185,6039151.5,1.07276535,30.0,68.6482692141664
4164,FRA,France,Euro,1984,1303934.5,56.337666,22.5727272,1689.65016,2.67031908,5898955.0,1.031600595,30.0,68.37619745492003
4165,FRA,France,Euro,1985,1296068.25,56.654696,22.55256081,1654.322053,2.691689253,5893770.0,1.006370783,30.0,69.47714210831701
4166,FRA,France,Euro,1986,1355866.375,56.976123,22.69703865,1648.351684,2.713230848,5984550.5,1.009874225,30.0,72.48160687935906
4167,FRA,France,Euro,1987,1392626.25,57.302663,22.922472,1659.385665,2.73494482,6114780.5,1.000457048,30.0,73.22439427290425
4168,FRA,France,Euro,1988,1469952.75,57.627105,23.16960716,1667.407559,2.756832361,6304851.0,0.999191225,30.0,76.09794594292744
4169,FRA,France,Euro,1989,1533447.75,57.940212,23.46828651,1651.266781,2.77889514,6538318.5,1.006767154,30.0,79.14078477653612
4170,FRA,France,Euro,1990,1581529.625,58.235697,23.65950394,1644.850669,2.801134348,6785194.0,1.002219796,36.0,81.27841326734439
4171,FRA,France,Euro,1991,1592352.75,58.512369,23.68534088,1637.781728,2.810061455,7040527.5,1.002263784,36.0,82.09819650683538
4172,FRA,France,Euro,1992,1617568.5,58.773365,23.52613449,1635.152483,2.819016933,7268303.0,0.974624693,36.0,84.09764669742157
4173,FRA,France,Euro,1993,1603544.125,59.022519,23.28296852,1626.685885,2.828001022,7461693.5,0.966159642,36.0,84.67766259508929
4174,FRA,France,Euro,1994,1643756.5,59.265653,23.41114426,1623.233565,2.837013483,7632609.0,0.972821832,36.0,86.50950426739747
4175,FRA,France,Euro,1995,1677481.625,59.508484,23.65852165,1601.211588,2.846054792,7768435.0,0.985324264,36.0,88.56282054440464
4176,FRA,France,Euro,1996,1708607.125,59.748767,23.80628395,1597.281509,2.855125189,7844652.5,0.986347198,36.0,89.86677057982943
4177,FRA,France,Euro,1997,1814682.125,59.988873,24.00385284,1595.645328,2.864224195,7750729.0,1.034108877,36.0,94.7574219620383
4178,FRA,France,Euro,1998,1943271.875,60.244337,24.43931389,1585.289681,2.873352289,7667565.0,1.077933908,36.0,100.31500953526043
4179,FRA,France,Euro,1999,2030947.0,60.535179,25.02039528,1578.30451,2.88250947,7565662.0,1.101238132,36.0,102.85931356967389
4180,FRA,France,Euro,2000,2135621.25,60.874357,25.62522507,1558.338802,2.891695738,7497759.0,1.145328522,36.0,106.96080334720146
4181,FRA,France,Euro,2001,2198350.5,61.269223,25.97429085,1537.956604,2.907761812,7426838.0,1.181642532,36.0,110.062443815363
4182,FRA,France,Euro,2002,2213269.5,61.712083,26.10230446,1503.886735,2.923917294,7400984.5,1.196807384,36.0,112.76395906241463
4183,FRA,France,Euro,2003,2144512.5,62.182111,26.12419891,1507.256771,2.94016242,7391494.5,1.135713339,36.0,108.92519656771184
4184,FRA,France,Euro,2004,2197558.25,62.649664,26.16540337,1530.856012,2.956497908,8400404.0,1.062819481,36.0,109.72576386079983
4185,FRA,France,Euro,2005,2312443.0,63.092888,26.33457184,1532.075909,2.972923994,9281866.0,1.076907039,36.0,114.6289955279602
4186,FRA,France,Euro,2006,2413424.25,63.503047,26.60958672,1515.0112,2.989441156,10627863.0,1.045862913,36.0,119.7318505547508
4187,FRA,France,Euro,2007,2537276.0,63.884679,26.9914341,1536.815501,3.006050348,11747999.0,1.029522896,36.0,122.3347995912275
4188,FRA,France,Euro,2008,2568201.25,64.245428,27.13174248,1542.796085,3.022751808,12598844.0,0.996810019,36.0,122.70798772867717
4189,FRA,France,Euro,2009,2519388.0,64.598474,26.83287621,1531.451173,3.039546251,13114334.0,0.976980269,36.0,122.6181248071653
4190,FRA,France,Euro,2010,2613960.75,64.952503,26.87616158,1539.803062,3.056433678,14135247.0,0.947077632,36.0,126.32713170514242
4191,FRA,France,Euro,2011,2680534.25,65.310392,27.09838295,1546.331189,3.075263262,14813058.0,0.935464144,36.0,127.9397403393676
4192,FRA,France,Euro,2012,2716635.75,65.665818,27.20867538,1540.880619,3.094208956,14971654.0,0.938462853,36.0,129.5940359478819
4193,FRA,France,Euro,2013,2706556.0,66.007876,27.21593094,1526.242001,3.113271475,15860023.0,0.918260098,36.0,130.31680323318628
4194,FRA,France,Euro,2014,2701232.75,66.32139,27.31221581,1518.111034,3.132451296,16363345.0,0.905594587,36.0,130.2961339775981
4195,FRA,France,Euro,2015,2772463.25,66.596315,27.38507652,1519.484356,3.151749134,16506730.0,0.915325999,36.0,133.25564074830297
4196,FRA,France,Euro,2016,2819433.25,66.828164,27.58411026,1522.069358,3.171165943,16967790.0,0.909769356,36.0,134.30692000805396
4197,FRA,France,Euro,2017,2922007.0,67.022411,27.88164139,1505.367862,3.190702438,17562930.0,0.918453515,36.0,139.23559355356298
4198,FRA,France,Euro,2018,2965537.75,67.191027,28.18206406,1495.457921,3.210359335,17742972.0,0.903329551,36.0,140.7299253438598
4199,FRA,France,Euro,2019,3018884.75,67.351247,28.53256416,1504.912353,3.230137348,17987252.0,0.888051331,36.0,140.61269096937338
4300,GBR,United Kingdom,Pound Sterling,1980,1201736.25,56.209171,25.03955269,1785.396382,2.972275972,3381961.25,0.928204298,28.0,53.76231247308423
4301,GBR,United Kingdom,Pound Sterling,1981,1177539.875,56.220735,24.3598671,1749.119935,2.994034052,3408009.75,0.934444964,28.0,55.27275526895028
4302,GBR,United Kingdom,Pound Sterling,1982,1179848.625,56.241412,23.90896606,1745.419246,3.015951633,3469087.0,0.960820615,28.0,56.54519817040158
4303,GBR,United Kingdom,Pound Sterling,1983,1208748.0,56.276798,23.73062515,1739.54848,3.038029432,3511902.5,0.962133229,28.0,58.562559325943624
4304,GBR,United Kingdom,Pound Sterling,1984,1221063.875,56.332901,24.22937393,1745.752522,3.060268641,3579406.75,0.922027946,28.0,57.73557667834805
4305,GBR,United Kingdom,Pound Sterling,1985,1255544.25,56.413553,24.5027256,1748.081732,3.082670927,3660727.25,0.914145529,28.0,58.625409366467736
4306,GBR,United Kingdom,Pound Sterling,1986,1273971.375,56.522503,24.62697411,1742.736778,3.105237246,3746527.0,0.886844158,28.0,59.36723403453599
4307,GBR,United Kingdom,Pound Sterling,1987,1328565.75,56.65827,25.09552956,1747.566738,3.12796855,3882696.25,0.888571739,28.0,60.5874833518557
4308,GBR,United Kingdom,Pound Sterling,1988,1395051.375,56.812757,25.91180611,1754.725738,3.15086627,4064859.25,0.867311835,28.0,61.36394408775275
4309,GBR,United Kingdom,Pound Sterling,1989,1426727.625,56.974297,26.58535194,1758.556942,3.173931837,4289242.0,0.828008354,28.0,61.03405388315078
4310,GBR,United Kingdom,Pound Sterling,1990,1439709.75,57.134391,26.70350075,1745.944085,3.197166204,4443014.5,0.819459438,30.0,61.7598753237585
4311,GBR,United Kingdom,Pound Sterling,1991,1403689.625,57.290785,25.98984337,1720.546584,3.227114201,4688279.5,0.810930848,30.0,62.78139879499009
4312,GBR,United Kingdom,Pound Sterling,1992,1402815.25,57.446037,25.37150192,1714.330462,3.257342815,4954481.0,0.782808483,30.0,64.50446164285705
4313,GBR,United Kingdom,Pound Sterling,1993,1438628.625,57.602284,25.14382935,1710.316072,3.287854671,5219649.5,0.795262158,30.0,66.90689808361464
4314,GBR,United Kingdom,Pound Sterling,1994,1483157.5,57.763378,25.35057068,1720.590484,3.318652153,5584288.5,0.793440044,30.0,68.0067484608739
4315,GBR,United Kingdom,Pound Sterling,1995,1627492.625,57.932453,25.66979218,1722.625249,3.349738359,5838760.5,0.826114535,30.0,73.60983830059033
4316,GBR,United Kingdom,Pound Sterling,1996,1721674.375,58.113557,25.92455482,1722.092499,3.381115437,6153739.5,0.799482048,30.0,77.12820582460591
4317,GBR,United Kingdom,Pound Sterling,1997,1834843.75,58.307313,26.4080143,1721.195442,3.412786484,6614300.5,0.824900031,30.0,80.73524150669233
4318,GBR,United Kingdom,Pound Sterling,1998,1918872.875,58.509974,26.6908989,1716.99944,3.444754601,6675436.0,0.84237963,30.0,83.74190681894437
4319,GBR,United Kingdom,Pound Sterling,1999,1995794.875,58.715854,27.06702805,1708.610393,3.477021933,6543397.5,0.869869173,30.0,86.31023160427553
4320,GBR,United Kingdom,Pound Sterling,2000,2101197.5,58.923309,27.38034821,1692.953954,3.509591341,6517053.0,0.908949375,32.5,90.65938278573232
4321,GBR,United Kingdom,Pound Sterling,2001,2147078.75,59.124288,27.59571457,1695.976472,3.528481245,6474644.5,0.951498985,32.5,91.75220329460596
4322,GBR,United Kingdom,Pound Sterling,2002,2171920.5,59.326294,27.80361366,1678.561396,3.547472715,6362147.0,0.956836641,32.5,93.0755141747624
4323,GBR,United Kingdom,Pound Sterling,2003,2232518.25,59.561432,28.06005287,1669.380343,3.566566467,6496762.5,0.949046373,32.5,95.31938532270699
4324,GBR,United Kingdom,Pound Sterling,2004,2319942.5,59.872753,28.3535347,1666.715738,3.585762978,6802806.0,0.942519009,32.5,98.18349158736852
4325,GBR,United Kingdom,Pound Sterling,2005,2369775.25,60.287954,28.67258644,1669.737173,3.605062723,7368616.5,0.948369801,32.5,98.99703066238892
4326,GBR,United Kingdom,Pound Sterling,2006,2467434.75,60.821356,29.00107574,1663.985723,3.624466658,7952251.0,0.940425575,32.5,102.26145536256
4327,GBR,United Kingdom,Pound Sterling,2007,2527567.5,61.455162,29.31574249,1665.821363,3.643974781,8262503.0,0.926524282,32.5,103.51503484301382
4328,GBR,United Kingdom,Pound Sterling,2008,2551335.5,62.145097,29.66325378,1660.468805,3.663587809,9497508.0,0.896214545,32.5,103.59720996629557
4329,GBR,United Kingdom,Pound Sterling,2009,2424522.5,62.828616,29.28887558,1638.331733,3.683306456,10571957.0,0.823733568,32.5,101.05357263137364
4330,GBR,United Kingdom,Pound Sterling,2010,2546775.25,63.459808,29.42511749,1643.207828,3.703131437,11924992.0,0.807178915,32.5,105.3440268527897
4331,GBR,United Kingdom,Pound Sterling,2011,2562286.0,64.021919,29.60507011,1639.815847,3.7108953,11398220.0,0.823117614,32.5,105.55928170996391
4332,GBR,United Kingdom,Pound Sterling,2012,2642660.25,64.525312,29.95309448,1655.019025,3.718675613,12555421.0,0.795474291,32.5,106.61704489811527
4333,GBR,United Kingdom,Pound Sterling,2013,2705726.5,64.984018,30.31403923,1665.974886,3.726472139,14047743.0,0.78228581,32.5,107.15233324226814
4334,GBR,United Kingdom,Pound Sterling,2014,2764983.0,65.423047,31.01110458,1672.434032,3.734284878,14052817.0,0.76599282,32.5,106.62430889215385
4335,GBR,United Kingdom,Pound Sterling,2015,2913114.75,65.860146,31.5069294,1669.465155,3.742114305,15216962.0,0.764188528,32.5,110.76540738675708
4336,GBR,United Kingdom,Pound Sterling,2016,2975320.75,66.297944,31.93847466,1667.698899,3.749960184,14695206.0,0.776274979,32.5,111.72026925607219
4337,GBR,United Kingdom,Pound Sterling,2017,3037790.75,66.727461,32.24306488,1668.949059,3.757822275,14915074.0,0.790132344,32.5,112.90377235189933
4338,GBR,United Kingdom,Pound Sterling,2018,3080494.75,67.141684,32.63174438,1663.188884,3.765700817,15103278.0,0.77806747,32.5,113.51901252621037
4339,GBR,United Kingdom,Pound Sterling,2019,3118991.25,67.530172,32.98249817,1667.947711,3.773596048,15302674.0,0.767746747,32.5,113.3908924256796
5560,IRL,Ireland,Euro,1980,48691.71094,3.384756,1.204950452,2122.100601,2.587648153,158012.7188,0.756352067,28.0,38.084641648352054
5561,IRL,Ireland,Euro,1981,49208.90625,3.422018,1.199676275,2090.708581,2.601450682,165737.3906,0.754578292,28.0,39.238837817297814
5562,IRL,Ireland,Euro,1982,50535.80859,3.453786,1.193297505,2083.383776,2.615326643,169278.0469,0.7831918,28.0,40.654741519363185
5563,IRL,Ireland,Euro,1983,50555.9375,3.479458,1.183429122,2073.181369,2.629276752,169187.1094,0.766981006,28.0,41.21189781884708
5564,IRL,Ireland,Euro,1984,51632.36328,3.49853,1.159785748,2055.130957,2.643301249,169303.6406,0.782100379,28.0,43.324616843143296
5565,IRL,Ireland,Euro,1985,52432.75781,3.510979,1.155205965,2062.194162,2.65740037,170916.25,0.779178977,28.0,44.0193596729466
5566,IRL,Ireland,Euro,1986,53904.81641,3.516422,1.149760008,2096.725385,2.671574831,174911.4375,0.78923732,28.0,44.72072289455395
5567,IRL,Ireland,Euro,1987,56140.30469,3.515828,1.156626225,2076.058971,2.685824871,182405.6875,0.813874722,28.0,46.759734896222625
5568,IRL,Ireland,Euro,1988,59272.97266,3.512185,1.159216285,2084.430177,2.700150967,193569.625,0.819766879,28.0,49.06082857719876
5569,IRL,Ireland,Euro,1989,64281.60156,3.509519,1.162383556,2091.754981,2.714553356,210239.875,0.84782207,28.0,52.87573470807404
5570,IRL,Ireland,Euro,1990,68907.85156,3.510885,1.21543324,2080.244574,2.729032755,231919.5,0.837441027,28.0,54.50711524732738
5571,IRL,Ireland,Euro,1991,69983.9375,3.51771,1.20690012,2045.190151,2.741504431,255257.5469,0.854934514,28.0,56.70525999921207
5572,IRL,Ireland,Euro,1992,72318.14844,3.529853,1.207041264,1996.794119,2.754033327,281115.5313,0.848726451,28.0,60.00975973504015
5573,IRL,Ireland,Euro,1993,76302.02344,3.546931,1.225002408,1970.110901,2.766619682,305880.4375,0.868553579,28.0,63.23222068659044
5574,IRL,Ireland,Euro,1994,81572.1875,3.567912,1.265557885,1970.372501,2.779263258,329545.5,0.884395659,28.0,65.42470193130751
5575,IRL,Ireland,Euro,1995,92129.5,3.592186,1.323488355,1962.001296,2.791964769,347272.5625,0.958791375,28.0,70.95929557301206
5576,IRL,Ireland,Euro,1996,99822.86719,3.619641,1.371912479,1953.599192,2.804724216,362430.25,0.980798841,28.0,74.4900322073781
5577,IRL,Ireland,Euro,1997,112477.7734,3.651096,1.423566818,1954.194139,2.817542076,366427.1563,1.079195142,28.0,80.86324089198645
5578,IRL,Ireland,Euro,1998,127163.4063,3.687819,1.516677618,1953.194044,2.830418587,381076.25,1.139411211,28.0,85.85260538427674
5579,IRL,Ireland,Euro,1999,137736.2656,3.731468,1.615625262,1941.882875,2.843353748,395155.9063,1.156270504,28.0,87.80406701837879
5580,IRL,Ireland,Euro,2000,150186.8125,3.783103,1.688738585,1932.723788,2.856348038,402877.625,1.251942754,30.0,92.03003291441026
5581,IRL,Ireland,Euro,2001,158361.75,3.842245,1.740586519,1923.529378,2.873432398,421893.2813,1.302503586,30.0,94.59884823716598
5582,IRL,Ireland,Euro,2002,167525.0156,3.907998,1.768167377,1904.276271,2.890618801,450519.9375,1.390957236,30.0,99.50761873139375
5583,IRL,Ireland,Euro,2003,172128.2188,3.980076,1.804571033,1886.786435,2.907907963,472433.3438,1.426887631,30.0,101.1079589150561
5584,IRL,Ireland,Euro,2004,181199.2813,4.05813,1.867924213,1875.255957,2.925300598,516463.9688,1.393336773,30.0,103.45861519301882
5585,IRL,Ireland,Euro,2005,195509.5938,4.141223,1.956697941,1883.193701,2.942797184,546426.5625,1.421469808,30.0,106.1156132446362
5586,IRL,Ireland,Euro,2006,216764.7656,4.230623,2.035443068,1878.812957,2.960398436,719891.6875,1.290593982,30.0,113.36426588969269
5587,IRL,Ireland,Euro,2007,236843.1094,4.324641,2.110014677,1864.932283,2.978105068,892384.375,1.238621473,30.0,120.37663714391992
5588,IRL,Ireland,Euro,2008,222934.8594,4.415872,2.097756386,1843.896208,2.995917559,919513.8125,1.15766871,30.0,115.27004302189079
5589,IRL,Ireland,Euro,2009,208812.2344,4.494576,1.947847962,1811.802986,3.013836384,908743.75,1.165287018,30.0,118.33682417768948
5590,IRL,Ireland,Euro,2010,216919.9531,4.554321,1.883175969,1720.973817,3.031862736,1060507.25,1.096699595,30.0,133.86416426879626
5591,IRL,Ireland,Euro,2011,223861.8906,4.591105,1.849360704,1736.531498,3.048562765,1124610.625,1.067364931,30.0,139.41383450967817
5592,IRL,Ireland,Euro,2012,234566.3438,4.608198,1.838291287,1737.861253,3.065354586,1190114.375,1.036447048,30.0,146.84740118162233
5593,IRL,Ireland,Euro,2013,233695.5469,4.615422,1.885504603,1743.472635,3.082239151,1245708.625,0.960524917,30.0,142.17973499166368
5594,IRL,Ireland,Euro,2014,251472.1875,4.626844,1.927069545,1757.030592,3.099216461,1292371.375,0.962471068,30.0,148.53994001276055
5595,IRL,Ireland,Euro,2015,351605.625,4.652425,1.988947511,1770.584308,3.11628747,1329451.5,1.116484761,30.0,199.68519970530662
5596,IRL,Ireland,Euro,2016,381200.375,4.695779,2.058725119,1762.923211,3.133452415,1509385.5,1.019700766,30.0,210.06396352006553
5597,IRL,Ireland,Euro,2017,409848.0625,4.753279,2.123496056,1774.749783,3.150712013,1580245.875,0.981678009,30.0,217.50251924200276
5598,IRL,Ireland,Euro,2018,435129.8125,4.81869,2.193545103,1785.402163,3.16806674,1651701.0,0.982585371,30.0,222.21133575134652
5599,IRL,Ireland,Euro,2019,499741.0938,4.882495,2.260447741,1771.977942,3.185516834,1868599.25,0.932362258,30.0,249.52971824435372
5910,ITA,Italy,Euro,1980,1234958.125,56.349349,21.40202332,1849.261058,2.291410685,4853549.5,1.189647079,35.0,62.406405712338476
5911,ITA,Italy,Euro,1981,1208398.75,56.505478,21.42450333,1852.643336,2.316392183,4967053.0,1.144878864,35.0,60.88883738071202
5912,ITA,Italy,Euro,1982,1200351.875,56.644863,21.50868416,1862.873952,2.341646194,4974315.0,1.132420421,35.0,59.91578565070421
5913,ITA,Italy,Euro,1983,1193038.125,56.765251,21.58781433,1867.663349,2.367175341,4919659.5,1.088566422,35.0,59.18028434721945
5914,ITA,Italy,Euro,1984,1210418.375,56.863137,21.5983429,1856.670385,2.39298296,4915891.0,1.054099441,35.0,60.36848285611396
5915,ITA,Italy,Euro,1985,1223674.625,56.936774,21.81783676,1850.526219,2.419071913,4993636.0,1.035087824,35.0,60.616243544499554
5916,ITA,Italy,Euro,1986,1302662.75,56.983931,21.98513222,1863.014406,2.445445299,5173658.0,1.039390802,35.0,63.6087256953324
5917,ITA,Italy,Euro,1987,1365535.125,57.007741,22.0461216,1877.640619,2.47210598,5454008.5,1.039014816,35.0,65.97633718674537
5918,ITA,Italy,Euro,1988,1434666.875,57.018183,22.28510284,1885.323128,2.49905777,5851561.5,1.016372085,35.0,68.29369786186228
5919,ITA,Italy,Euro,1989,1500289.75,57.028703,22.4399929,1873.100766,2.526303053,6351730.0,1.006303906,35.0,71.38735338087199
5920,ITA,Italy,Euro,1990,1560881.5,57.048236,22.80319786,1856.401359,2.553845406,6936038.0,0.990385652,40.0,73.74495172775616
5921,ITA,Italy,Euro,1991,1615016.25,57.088113,23.23007202,1847.468313,2.576648712,7589872.5,0.982750237,40.0,75.26262085726376
5922,ITA,Italy,Euro,1992,1641884.625,57.145306,23.06896782,1850.497411,2.597617865,8269117.5,0.928829551,40.0,76.92295984147773
5923,ITA,Italy,Euro,1993,1625990.75,57.197613,22.45611382,1850.64018,2.618757963,8864809.0,0.900138378,40.0,78.25128505746402
5924,ITA,Italy,Euro,1994,1685848.375,57.213544,22.08828926,1850.326771,2.640069723,9363661.0,0.900126636,40.0,82.49696926468847
5925,ITA,Italy,Euro,1995,1765118.5,57.174408,22.02845383,1856.212894,2.66155529,9702192.0,0.907238662,40.0,86.33602751448119
5926,ITA,Italy,Euro,1996,1792813.75,57.065225,22.11483574,1866.151756,2.68321538,9797411.0,0.90083617,40.0,86.88293716906985
5927,ITA,Italy,Euro,1997,1881417.0,56.90364,22.11174011,1859.863898,2.705052137,9676317.0,0.938847125,40.0,91.49786784616077
5928,ITA,Italy,Euro,1998,1985354.875,56.74276,22.26773834,1873.132928,2.727066278,9597037.0,0.944582164,40.0,95.19703769867053
5929,ITA,Italy,Euro,1999,2037002.625,56.655632,22.4724884,1869.878018,2.74925971,9412865.0,0.956718147,40.0,96.95208277550807
5930,ITA,Italy,Euro,2000,2081385.625,56.692178,22.91796875,1850.197971,2.771633625,9280035.0,0.962340295,41.5,98.1721321247347
5931,ITA,Italy,Euro,2001,2083284.375,56.875147,23.43045044,1837.636217,2.793356895,9098001.0,0.96498245,41.5,96.76947232770894
5932,ITA,Italy,Euro,2002,2058837.875,57.182519,23.91711235,1826.190095,2.815250397,8919269.0,0.950337946,41.5,94.27519040439664
5933,ITA,Italy,Euro,2003,2062502.0,57.564588,24.32232094,1815.103813,2.837315559,9023564.0,0.925007224,41.5,93.43678573109848
5934,ITA,Italy,Euro,2004,2074924.125,57.948424,24.47426033,1814.615542,2.859553576,9408274.0,0.888725877,41.5,93.4411154945051
5935,ITA,Italy,Euro,2005,2107878.75,58.281212,24.63233566,1811.101718,2.881965876,9811736.0,0.892739654,41.5,94.49899391021499
5936,ITA,Italy,Euro,2006,2215327.25,58.542619,25.15527534,1811.851615,2.90455389,10982278.0,0.871074021,41.5,97.21117277244474
5937,ITA,Italy,Euro,2007,2315284.75,58.747861,25.42703438,1817.707441,2.92731905,11957171.0,0.868442178,41.5,100.18777034264002
5938,ITA,Italy,Euro,2008,2369615.25,58.922109,25.39023018,1806.539391,2.950262547,13138231.0,0.856824636,41.5,103.32222693628435
5939,ITA,Italy,Euro,2009,2310528.75,59.105625,24.9357357,1775.169635,2.973385811,14589400.0,0.820245326,41.5,104.3949104036046
5940,ITA,Italy,Euro,2010,2336120.25,59.325229,24.79245377,1776.773246,2.996690273,13689293.0,0.819031537,41.5,106.06538468410109
5941,ITA,Italy,Euro,2011,2377386.0,59.589076,24.92703438,1772.557375,3.01423955,15249784.0,0.788176775,41.5,107.61152409968054
5942,ITA,Italy,Euro,2012,2323769.5,59.879471,24.91363144,1733.642273,3.031891584,17351088.0,0.739005625,41.5,107.6035300819647
5943,ITA,Italy,Euro,2013,2271616.5,60.16683,24.301548,1719.0903,3.049647331,17177916.0,0.73751837,41.5,108.750780239194
5944,ITA,Italy,Euro,2014,2241735.25,60.40962,24.19514656,1716.341179,3.06750679,17346424.0,0.725454509,41.5,107.96486276809371
5945,ITA,Italy,Euro,2015,2296760.75,60.578494,24.44461441,1717.46898,3.085470676,17921584.0,0.713055551,41.5,109.41419275845799
5946,ITA,Italy,Euro,2016,2410574.75,60.66306,24.85291481,1721.697513,3.103539944,19327484.0,0.713344276,41.5,112.67210692333153
5947,ITA,Italy,Euro,2017,2474220.75,60.673701,25.18468857,1719.159291,3.12171483,18760782.0,0.727572501,41.5,114.29197484961222
5948,ITA,Italy,Euro,2018,2499061.5,60.627291,25.41790771,1722.318456,3.139996529,18794638.0,0.717173278,41.5,114.17044286408405
5949,ITA,Italy,Euro,2019,2508404.5,60.550075,25.59632874,1717.833818,3.158385038,18855818.0,0.708141088,41.5,114.09555871641186
8850,NLD,Netherlands,Euro,1980,365959.5,14.148415,6.051342487,1580.838214,2.847404242,1451599.0,1.137476087,33.0,76.51099717641337
8851,NLD,Netherlands,Euro,1981,357008.6563,14.223763,6.012948036,1580.313214,2.862196207,1441386.375,1.097179532,33.0,75.1411988727474
8852,NLD,Netherlands,Euro,1982,347801.9375,14.295217,5.925911427,1565.787212,2.877065182,1422008.125,1.110270619,33.0,74.96768411950839
8853,NLD,Netherlands,Euro,1983,347555.9375,14.365385,5.880870342,1550.84221,2.892011166,1399585.125,1.110260606,33.0,76.21588388277829
8854,NLD,Netherlands,Euro,1984,356140.625,14.437506,5.934958458,1542.710209,2.907035112,1395346.75,1.089701772,33.0,77.79460414251517
8855,NLD,Netherlands,Euro,1985,357372.7813,14.513949,6.048170567,1526.234206,2.922136784,1414259.5,1.059799433,33.0,77.4294643112775
8856,NLD,Netherlands,Euro,1986,368865.25,14.595755,6.191230774,1511.273204,2.937316895,1451894.875,1.052470565,33.0,78.8456548362203
8857,NLD,Netherlands,Euro,1987,370177.5313,14.682649,6.320897579,1489.978201,2.95257616,1500921.875,1.035900593,33.0,78.61064915820533
8858,NLD,Netherlands,Euro,1988,386145.2813,14.774038,6.433093548,1486.766201,2.967914343,1571054.875,1.022552371,33.0,80.74547270459816
8859,NLD,Netherlands,Euro,1989,406885.9375,14.868655,6.608910084,1482.0112,2.983332634,1653938.0,1.014589548,33.0,83.08475566537643
8860,NLD,Netherlands,Euro,1990,427072.25,14.965448,6.807824612,1476.1852,2.998830557,1743256.375,1.00270319,35.0,84.9928012532805
8861,NLD,Netherlands,Euro,1991,441057.5313,15.064519,6.929596901,1467.071198,3.012903452,1841183.5,1.009305716,35.0,86.76929619795986
8862,NLD,Netherlands,Euro,1992,450066.0625,15.165862,7.021058083,1473.485199,3.027042389,1938157.0,0.980120301,35.0,87.00774598460534
8863,NLD,Netherlands,Euro,1993,456603.375,15.268006,7.048759937,1463.152198,3.041247606,2028815.5,0.984994113,35.0,88.54558040521071
8864,NLD,Netherlands,Euro,1994,474722.3125,15.36912,7.101705551,1470.796199,3.055519581,2105004.0,0.991336346,35.0,90.8980318014035
8865,NLD,Netherlands,Euro,1995,494972.8125,15.467851,7.272158623,1481.5582,3.069858313,2164301.0,0.984454811,35.0,91.88175476920796
8866,NLD,Netherlands,Euro,1996,517872.7188,15.563255,7.435649872,1496.450404,3.084264278,2202130.25,0.978860438,35.0,93.08329955248516
8867,NLD,Netherlands,Euro,1997,561954.5,15.655475,7.669960976,1481.967312,3.098738194,2207811.0,1.029856682,35.0,98.87793097453488
8868,NLD,Netherlands,Euro,1998,608917.4375,15.745647,7.849161148,1478.721839,3.113279819,2203754.0,1.056243777,35.0,104.92492665251795
8869,NLD,Netherlands,Euro,1999,650311.875,15.835523,8.0669384,1477.174053,3.127889872,2191910.75,1.102871895,35.0,109.14686573107305
8870,NLD,Netherlands,Euro,2000,691869.625,15.926188,8.20334816,1464.061441,3.14256835,2183005.0,1.191419959,37.5,115.2136175949294
8871,NLD,Netherlands,Euro,2001,701080.75,16.018114,8.352365494,1454.07685,3.155173779,2139141.25,1.198620439,37.5,115.45192738392252
8872,NLD,Netherlands,Euro,2002,704459.125,16.110355,8.406870842,1436.376646,3.167829514,2158678.75,1.208747983,37.5,116.67641703658857
8873,NLD,Netherlands,Euro,2003,682830.0,16.200951,8.367423058,1427.827804,3.180536509,2255706.0,1.162618876,37.5,114.30757908550042
8874,NLD,Netherlands,Euro,2004,697896.4375,16.287182,8.287748337,1447.895232,3.193294287,2346166.25,1.128077984,37.5,116.31809587099043
8875,NLD,Netherlands,Euro,2005,730992.5625,16.367158,8.36416626,1433.611871,3.206103086,2458941.75,1.181190968,37.5,121.92386135614746
8876,NLD,Netherlands,Euro,2006,774794.5625,16.440097,8.569997787,1430.447131,3.218963385,2796922.25,1.156581283,37.5,126.40493773713918
8877,NLD,Netherlands,Euro,2007,825786.5,16.506655,8.83891201,1429.172025,3.231875181,3101571.75,1.148983717,37.5,130.74179919591688
8878,NLD,Netherlands,Euro,2008,858415.6875,16.568104,8.98141098,1428.566237,3.244838953,3364743.25,1.111187577,37.5,133.80818811073954
8879,NLD,Netherlands,Euro,2009,816601.875,16.626373,8.890323639,1420.047064,3.257854462,3471765.25,1.059955359,37.5,129.36597292889283
8880,NLD,Netherlands,Euro,2010,826027.75,16.682917,8.814677238,1419.633443,3.270922422,4060762.5,0.960898459,37.5,132.02068957511014
8881,NLD,Netherlands,Euro,2011,845937.75,16.738193,8.878933907,1420.180237,3.284683466,4188708.75,0.945172668,37.5,134.17268584114814
8882,NLD,Netherlands,Euro,2012,851872.4375,16.79184,8.856450081,1410.509788,3.298502684,4337546.5,0.9522717,37.5,136.3856818120984
8883,NLD,Netherlands,Euro,2013,849917.8125,16.843502,8.753303528,1414.698958,3.312379837,4696970.0,0.965053499,37.5,137.26850538831715
8884,NLD,Netherlands,Euro,2014,827171.5,16.892523,8.739233971,1425.595301,3.326315641,4627473.5,0.909885526,37.5,132.78711531191985
8885,NLD,Netherlands,Euro,2015,872643.75,16.938499,8.807258606,1425.813579,3.340310097,4641059.5,0.917731822,37.5,138.9835764342174
8886,NLD,Netherlands,Euro,2016,876472.5625,16.981295,8.917259216,1437.309404,3.354363203,4667429.5,0.910395265,37.5,136.76868223892774
8887,NLD,Netherlands,Euro,2017,918735.9375,17.021347,9.098231316,1436.765644,3.368475437,4626151.5,0.93655324,37.5,140.56519243929063
8888,NLD,Netherlands,Euro,2018,939896.1875,17.05956,9.302178383,1436.403363,3.382647276,4672138.5,0.925941408,37.5,140.68532782003425
8889,NLD,Netherlands,Euro,2019,958314.625,17.09713,9.456908226,1439.731516,3.396878481,4745302.5,0.914709628,37.5,140.76912972470933
10810,SWE,Sweden,Swedish Krona,1980,196620.2969,8.316338,4.28328228,1514.605154,2.935458422,855927.0,0.776460767,30.0,60.61529405692752
10811,SWE,Sweden,Swedish Krona,1981,196435.875,8.325493,4.289722443,1506.222153,2.954866409,871182.8125,0.784231424,30.0,60.80405981620331
10812,SWE,Sweden,Swedish Krona,1982,197097.3281,8.329425,4.281078815,1520.332155,2.974403143,885978.1875,0.796391606,30.0,60.564624417720296
10813,SWE,Sweden,Swedish Krona,1983,200388.1094,8.332443,4.290383339,1529.616156,2.994068861,898390.4375,0.790049314,30.0,61.069362163094596
10814,SWE,Sweden,Swedish Krona,1984,211016.1563,8.34044,4.326080322,1531.790156,3.013864517,914858.0,0.779699862,30.0,63.68715529816288
10815,SWE,Sweden,Swedish Krona,1985,216291.2344,8.357652,4.372880936,1535.822156,3.033790827,935997.9375,0.77464205,30.0,64.41104330808892
10816,SWE,Sweden,Swedish Krona,1986,226937.0469,8.384989,4.40374136,1533.843156,3.053849459,961540.0,0.781639576,30.0,67.19433153634492
10817,SWE,Sweden,Swedish Krona,1987,235548.375,8.421056,4.443112373,1543.946157,3.074040413,996394.375,0.772105336,30.0,68.67373368513637
10818,SWE,Sweden,Swedish Krona,1988,244405.3438,8.464787,4.507133007,1563.488159,3.094364882,1045880.813,0.753159344,30.0,69.3658515361543
10819,SWE,Sweden,Swedish Krona,1989,254329.5313,8.514206,4.56869173,1562.341159,3.11482358,1117097.0,0.74187094,30.0,71.26217234075922
10820,SWE,Sweden,Swedish Krona,1990,257742.7188,8.567384,4.603871346,1558.671159,3.1354177,1200367.125,0.718574584,37.0,71.83543445275112
10821,SWE,Sweden,Swedish Krona,1991,256678.8281,8.625137,4.534415722,1545.425157,3.140028477,1283018.875,0.71251446,37.0,73.25727021295582
10822,SWE,Sweden,Swedish Krona,1992,255364.7969,8.686738,4.338086128,1563.008159,3.144645929,1358035.375,0.70307821,37.0,75.32369360825412
10823,SWE,Sweden,Swedish Krona,1993,246079.8281,8.746776,4.115596294,1594.681162,3.149270535,1425718.375,0.673440635,37.0,74.98931370558192
10824,SWE,Sweden,Swedish Krona,1994,261614.9063,8.798234,4.071314335,1633.44326,3.153901815,1488980.625,0.693721056,37.0,78.67808733509118
10825,SWE,Sweden,Swedish Krona,1995,279311.3438,8.83642,4.133455276,1638.931002,3.158539534,1534763.75,0.713270903,37.0,82.46025179165856
10826,SWE,Sweden,Swedish Krona,1996,285312.5938,8.859191,4.104249477,1651.480749,3.163184404,1569390.875,0.728948355,37.0,84.1867357554308
10827,SWE,Sweden,Swedish Krona,1997,299834.625,8.868853,4.053739071,1656.306574,3.167836189,1542715.625,0.761732042,37.0,89.31312044381598
10828,SWE,Sweden,Swedish Krona,1998,317459.2188,8.870848,4.121053219,1655.183735,3.17249465,1530659.25,0.77487278,37.0,93.08152841582138
10829,SWE,Sweden,Swedish Krona,1999,337240.75,8.8731,4.204934597,1664.776788,3.177160025,1506754.875,0.797896206,37.0,96.35068021659755
10830,SWE,Sweden,Swedish Krona,2000,354081.6563,8.88164,4.305336952,1643.43843,3.181832075,1474444.125,0.851306319,38.0,100.08588618069716
10831,SWE,Sweden,Swedish Krona,2001,347726.1563,8.897793,4.392419815,1620.152109,3.19793129,1442971.125,0.840851963,38.0,97.72545994224828
10832,SWE,Sweden,Swedish Krona,2002,345109.0938,8.92071,4.391123772,1597.025015,3.214112043,1402309.25,0.855736852,38.0,98.4235445998778
10833,SWE,Sweden,Swedish Krona,2003,348949.375,8.951436,4.364802837,1583.299757,3.230374575,1432643.375,0.846016586,38.0,100.98680782198468
10834,SWE,Sweden,Swedish Krona,2004,361562.7188,8.990654,4.336328506,1606.849094,3.246719122,1399404.125,0.871678233,38.0,103.78064639635079
10835,SWE,Sweden,Swedish Krona,2005,364991.1563,9.038623,4.346067905,1605.513842,3.263146877,1346811.5,0.896692455,38.0,104.61688279345515
10836,SWE,Sweden,Swedish Krona,2006,394691.25,9.096165,4.428739071,1603.951416,3.279657364,1544930.0,0.886296809,38.0,111.12613028580645
10837,SWE,Sweden,Swedish Krona,2007,429074.9063,9.162939,4.531755447,1616.890264,3.296251535,1751348.25,0.88976109,38.0,117.11596483135327
10838,SWE,Sweden,Swedish Krona,2008,436107.0938,9.236428,4.564108849,1627.131851,3.312929392,1892560.25,0.871192932,38.0,117.44767041937462
10839,SWE,Sweden,Swedish Krona,2009,416952.5625,9.313087,4.467704296,1613.096306,3.329692125,1966367.0,0.834776938,38.0,115.71027494158258
10840,SWE,Sweden,Swedish Krona,2010,438709.8125,9.390168,4.494977474,1640.514111,3.346539259,2103405.5,0.812499523,38.0,118.98709288888364
10841,SWE,Sweden,Swedish Krona,2011,465394.4375,9.46671,4.601816654,1640.991422,3.356361866,2151252.25,0.843212008,38.0,123.25812629326776
10842,SWE,Sweden,Swedish Krona,2012,469123.0313,9.542812,4.63860321,1627.294535,3.366213083,2295762.0,0.825689673,38.0,124.29777666666877
10843,SWE,Sweden,Swedish Krona,2013,474862.0313,9.618016,4.680492401,1617.955908,3.376093149,2497897.0,0.799720287,38.0,125.41203498488636
10844,SWE,Sweden,Swedish Krona,2014,481349.5625,9.692131,4.735364437,1619.430489,3.386002541,2481393.75,0.798743904,38.0,125.53789938791866
10845,SWE,Sweden,Swedish Krona,2015,511993.375,9.76495,4.79061079,1620.925637,3.395940542,2525695.5,0.825669885,38.0,131.868284836985
10846,SWE,Sweden,Swedish Krona,2016,524448.9375,9.836007,4.853437901,1634.169305,3.405908108,2619055.5,0.823822439,38.0,132.2472590135517
10847,SWE,Sweden,Swedish Krona,2017,544587.6875,9.904896,4.940289974,1621.472711,3.41590476,2688589.75,0.826550007,38.0,135.96769304757095
10848,SWE,Sweden,Swedish Krona,2018,552327.0625,9.971638,4.995614052,1620.734841,3.425930977,2716572.75,0.806283414,38.0,136.43489840238803
10849,SWE,Sweden,Swedish Krona,2019,560960.5,10.036379,5.002136707,1605.276602,3.43598628,2743785.0,0.812524378,38.0,139.7194427565224
12140,USA,United States,US Dollar,1980,7065226.0,229.476354,103.0709305,1801.611445,3.345683813,28983498.0,1.0,22.0,76.09545624218812
12141,USA,United States,US Dollar,1981,7263261.5,231.636058,104.2161789,1790.005617,3.354768991,29770524.0,1.0,22.0,77.87035177677579
12142,USA,United States,US Dollar,1982,7129462.0,233.821844,103.408577,1770.666091,3.363878965,30401034.0,1.0,22.0,77.87418632390124
12143,USA,United States,US Dollar,1983,7495463.5,236.030238,104.7791367,1779.871537,3.373013735,31125620.0,1.0,22.0,80.38314895925267
12144,USA,United States,US Dollar,1984,8101474.0,238.256844,109.1160431,1795.576641,3.3821733,32101106.0,1.0,22.0,82.69923317614317
12145,USA,United States,US Dollar,1985,8446945.0,240.499825,111.3843842,1801.137378,3.39135766,33160292.0,1.0,22.0,84.20900094595358
12146,USA,United States,US Dollar,1986,8721344.0,242.763148,113.9240112,1780.839365,3.400060654,34217088.0,1.0,22.0,85.97524016823684
12147,USA,United States,US Dollar,1987,8994791.0,245.052789,116.8860931,1788.517421,3.408786058,35245824.0,1.0,22.0,86.05280969220254
12148,USA,United States,US Dollar,1988,9365800.0,247.372264,119.4548111,1798.271529,3.417533636,36263604.0,1.0,22.0,87.19989478232237
12149,USA,United States,US Dollar,1989,9703781.0,249.725805,121.8280716,1810.293103,3.426303864,37283372.0,1.0,22.0,87.99838779172853
12150,USA,United States,US Dollar,1990,9847675.0,252.120309,123.0460205,1795.56791,3.435096502,38223704.0,1.0,23.0,89.14444700530628
12151,USA,United States,US Dollar,1991,9831967.0,254.53937,121.5670624,1787.337817,3.452302456,38986904.0,1.0,23.0,90.49984620135902
12152,USA,United States,US Dollar,1992,10189422.0,256.990613,121.7970047,1774.882852,3.469594955,39793276.0,1.0,23.0,94.26994273925429
12153,USA,United States,US Dollar,1993,10505614.0,259.532129,123.120697,1789.954717,3.486973524,40663016.0,1.0,23.0,95.34069772801149
12154,USA,United States,US Dollar,1994,10966652.0,262.241196,125.6899796,1807.827339,3.504439592,41620612.0,1.0,23.0,96.52647630386876
12155,USA,United States,US Dollar,1995,11269390.0,265.163745,127.462738,1817.474328,3.52199316,42632476.0,1.0,23.0,97.29239091263788
12156,USA,United States,US Dollar,1996,11731437.0,268.335003,129.357666,1823.520522,3.533238888,43758164.0,1.0,23.0,99.46685402397537
12157,USA,United States,US Dollar,1997,12310822.0,271.713635,132.3625793,1828.488276,3.544520617,44976940.0,1.0,23.0,101.73248336547779
12158,USA,United States,US Dollar,1998,12947533.0,275.175301,134.5009003,1839.196147,3.555838585,46344884.0,1.0,23.0,104.68001650966347
12159,USA,United States,US Dollar,1999,13569720.0,278.54815,136.7564697,1841.333456,3.567192554,47827504.0,1.0,23.0,107.7756266801523
12160,USA,United States,US Dollar,2000,14110581.0,281.710909,138.6361084,1844.85398,3.578582525,49367780.0,1.0,20.0,110.34090338641701
12161,USA,United States,US Dollar,2001,14258955.0,284.607993,138.6468048,1823.659338,3.588337183,50734368.0,1.0,20.0,112.7883163740462
12162,USA,United States,US Dollar,2002,14503314.0,287.279318,138.1520844,1806.690813,3.598118544,51925404.0,1.0,20.0,116.21333577658066
12163,USA,United States,US Dollar,2003,14906207.0,289.815562,138.6908569,1790.841678,3.60792613,53183824.0,1.0,20.0,120.03063924610234
12164,USA,United States,US Dollar,2004,15484192.0,292.354658,140.2701874,1789.52746,3.617760897,54572780.0,1.0,20.0,123.37148699912896
12165,USA,United States,US Dollar,2005,15991891.0,294.993511,142.4933014,1787.013857,3.627622366,56084544.0,1.0,20.0,125.60515038462579
12166,USA,United States,US Dollar,2006,16448620.0,297.758969,145.0941467,1787.351164,3.642328978,57575360.0,1.0,20.0,126.85269052675652
12167,USA,United States,US Dollar,2007,16746366.0,300.608429,146.3957825,1785.883505,3.657094717,58915348.0,1.0,20.0,128.1058265730862
12168,USA,United States,US Dollar,2008,16515918.0,303.486012,146.2285004,1765.766303,3.671920776,59981816.0,1.0,20.0,127.92854565913976
12169,USA,United States,US Dollar,2009,16174102.0,306.307567,141.2208099,1728.607649,3.686806679,60510720.0,1.0,20.0,132.51195002449492
12170,USA,United States,US Dollar,2010,16583432.0,309.011475,140.7138062,1735.011206,3.701753378,61054648.0,1.0,20.0,135.85180569955793
12171,USA,United States,US Dollar,2011,16826584.0,311.584047,142.1473541,1744.908365,3.707010984,61672612.0,1.0,20.0,135.67959816333678
12172,USA,United States,US Dollar,2012,17276374.0,314.043885,144.5884857,1746.858564,3.712275982,62435580.0,1.0,20.0,136.80158843621777
12173,USA,United States,US Dollar,2013,17688954.0,316.400538,145.9784546,1752.532776,3.717548609,63232880.0,1.0,20.0,138.2856889144434
12174,USA,United States,US Dollar,2014,18201652.0,318.673411,148.2206421,1758.268517,3.722828627,64124200.0,1.0,20.0,139.68408016998708
12175,USA,United States,US Dollar,2015,18905122.0,320.87831,150.2484741,1770.023174,3.728116274,65057788.0,1.0,20.0,142.17409011302547
12176,USA,United States,US Dollar,2016,19285252.0,323.015995,152.3969574,1766.744125,3.733411312,65974044.0,1.0,20.0,143.25353959622007
12177,USA,United States,US Dollar,2017,19754754.0,325.084756,154.6723175,1763.726676,3.73871398,66942704.0,1.0,20.0,144.82973807798186
12178,USA,United States,US Dollar,2018,20369440.0,327.096265,156.6759033,1774.703811,3.7440238,68007384.0,1.0,20.0,146.51463110592786
12179,USA,United States,US Dollar,2019,20860506.0,329.064917,158.2995911,1765.34639,3.749341488,69059088.0,1.0,20.0,149.2949464784519
